[2026-04-29 20:31:17] This is codeql database create codeql-db --language=javascript --command sh -lc 'pnpm install && pnpm run build'
[2026-04-29 20:31:17] Log file was started late.
[2026-04-29 20:31:17] [PROGRESS] database create> Initializing database at /home/aoi/dev/metaplex-cli/codeql-db.
[2026-04-29 20:31:17] Running plumbing command: codeql database init --language=javascript --extractor-options-verbosity=1 --qlconfig-file=/home/aoi/dev/metaplex-cli/qlconfig.yml --source-root=/home/aoi/dev/metaplex-cli --allow-missing-source-root=false --allow-already-existing -- /home/aoi/dev/metaplex-cli/codeql-db
[2026-04-29 20:31:17] Calling plumbing command: codeql resolve languages --extractor-options-verbosity=1 --format=betterjson
[2026-04-29 20:31:18] [DETAILS] resolve languages> Scanning for [codeql-extractor.yml] from /nix/store/rpgkh3m25bjs70l3d9w5x5psrbx216ih-codeql-2.25.2/codeql/
[2026-04-29 20:31:18] [DETAILS] resolve languages> Parsing /nix/store/rpgkh3m25bjs70l3d9w5x5psrbx216ih-codeql-2.25.2/codeql/yaml/codeql-extractor.yml.
[2026-04-29 20:31:18] [DETAILS] resolve languages> Parsing /nix/store/rpgkh3m25bjs70l3d9w5x5psrbx216ih-codeql-2.25.2/codeql/html/codeql-extractor.yml.
[2026-04-29 20:31:18] [DETAILS] resolve languages> Parsing /nix/store/rpgkh3m25bjs70l3d9w5x5psrbx216ih-codeql-2.25.2/codeql/ruby/codeql-extractor.yml.
[2026-04-29 20:31:18] [DETAILS] resolve languages> Parsing /nix/store/rpgkh3m25bjs70l3d9w5x5psrbx216ih-codeql-2.25.2/codeql/actions/codeql-extractor.yml.
[2026-04-29 20:31:18] [DETAILS] resolve languages> Parsing /nix/store/rpgkh3m25bjs70l3d9w5x5psrbx216ih-codeql-2.25.2/codeql/go/codeql-extractor.yml.
[2026-04-29 20:31:18] [DETAILS] resolve languages> Parsing /nix/store/rpgkh3m25bjs70l3d9w5x5psrbx216ih-codeql-2.25.2/codeql/cpp/codeql-extractor.yml.
[2026-04-29 20:31:18] [DETAILS] resolve languages> Parsing /nix/store/rpgkh3m25bjs70l3d9w5x5psrbx216ih-codeql-2.25.2/codeql/csharp/codeql-extractor.yml.
[2026-04-29 20:31:18] [DETAILS] resolve languages> Parsing /nix/store/rpgkh3m25bjs70l3d9w5x5psrbx216ih-codeql-2.25.2/codeql/properties/codeql-extractor.yml.
[2026-04-29 20:31:18] [DETAILS] resolve languages> Parsing /nix/store/rpgkh3m25bjs70l3d9w5x5psrbx216ih-codeql-2.25.2/codeql/swift/codeql-extractor.yml.
[2026-04-29 20:31:18] [DETAILS] resolve languages> Parsing /nix/store/rpgkh3m25bjs70l3d9w5x5psrbx216ih-codeql-2.25.2/codeql/xml/codeql-extractor.yml.
[2026-04-29 20:31:18] [DETAILS] resolve languages> Parsing /nix/store/rpgkh3m25bjs70l3d9w5x5psrbx216ih-codeql-2.25.2/codeql/csv/codeql-extractor.yml.
[2026-04-29 20:31:18] [DETAILS] resolve languages> Parsing /nix/store/rpgkh3m25bjs70l3d9w5x5psrbx216ih-codeql-2.25.2/codeql/java/codeql-extractor.yml.
[2026-04-29 20:31:18] [DETAILS] resolve languages> Parsing /nix/store/rpgkh3m25bjs70l3d9w5x5psrbx216ih-codeql-2.25.2/codeql/javascript/codeql-extractor.yml.
[2026-04-29 20:31:19] [DETAILS] resolve languages> Parsing /nix/store/rpgkh3m25bjs70l3d9w5x5psrbx216ih-codeql-2.25.2/codeql/rust/codeql-extractor.yml.
[2026-04-29 20:31:19] [DETAILS] resolve languages> Parsing /nix/store/rpgkh3m25bjs70l3d9w5x5psrbx216ih-codeql-2.25.2/codeql/python/codeql-extractor.yml.
[2026-04-29 20:31:19] Plumbing command codeql resolve languages completed:
                      {
                        "aliases" : {
                          "c" : "cpp",
                          "c++" : "cpp",
                          "c-c++" : "cpp",
                          "c-cpp" : "cpp",
                          "c#" : "csharp",
                          "java-kotlin" : "java",
                          "kotlin" : "java",
                          "javascript-typescript" : "javascript",
                          "typescript" : "javascript"
                        },
                        "extractors" : {
                          "yaml" : [
                            {
                              "extractor_root" : "/nix/store/rpgkh3m25bjs70l3d9w5x5psrbx216ih-codeql-2.25.2/codeql/yaml"
                            }
                          ],
                          "html" : [
                            {
                              "extractor_root" : "/nix/store/rpgkh3m25bjs70l3d9w5x5psrbx216ih-codeql-2.25.2/codeql/html"
                            }
                          ],
                          "ruby" : [
                            {
                              "extractor_root" : "/nix/store/rpgkh3m25bjs70l3d9w5x5psrbx216ih-codeql-2.25.2/codeql/ruby",
                              "extractor_options" : {
                                "trap" : {
                                  "title" : "Options pertaining to TRAP.",
                                  "description" : "Options pertaining to TRAP.",
                                  "type" : "object",
                                  "properties" : {
                                    "compression" : {
                                      "title" : "Controls compression for the TRAP files written by the extractor.",
                                      "description" : "This option is only intended for use in debugging the extractor. Accepted values are 'gzip' (the default, to write gzip-compressed TRAP) 'zstd' (to write Zstandard-compressed TRAP) and 'none' (to write uncompressed TRAP).\n",
                                      "type" : "string",
                                      "pattern" : "^(none|gzip|zstd)$"
                                    }
                                  }
                                }
                              }
                            }
                          ],
                          "actions" : [
                            {
                              "extractor_root" : "/nix/store/rpgkh3m25bjs70l3d9w5x5psrbx216ih-codeql-2.25.2/codeql/actions",
                              "extractor_options" : { }
                            }
                          ],
                          "go" : [
                            {
                              "extractor_root" : "/nix/store/rpgkh3m25bjs70l3d9w5x5psrbx216ih-codeql-2.25.2/codeql/go",
                              "extractor_options" : {
                                "extract_tests" : {
                                  "title" : "Whether to include Go test files in the CodeQL database.",
                                  "description" : "A value indicating whether Go test files should be included in the CodeQL database. The default is 'false'.\n",
                                  "type" : "string",
                                  "pattern" : "^(false|true)$"
                                },
                                "extract_vendor_dirs" : {
                                  "title" : "Whether to include Go vendor directories in the CodeQL database.",
                                  "description" : "A value indicating whether Go vendor directories should be included in the CodeQL database. The default is 'false'.\n",
                                  "type" : "string",
                                  "pattern" : "^(false|true)$"
                                }
                              }
                            }
                          ],
                          "cpp" : [
                            {
                              "extractor_root" : "/nix/store/rpgkh3m25bjs70l3d9w5x5psrbx216ih-codeql-2.25.2/codeql/cpp",
                              "extractor_options" : {
                                "scale_timeouts" : {
                                  "title" : "Value to scale compiler introspection timeouts with",
                                  "description" : "The extractor attempts to determine what compiler the source code being extracted is compiled with. To this end the extractor makes additional calls to the compiler, some of which are expected to return within a certain fixed time (either 10s or 15s). On some systems that are under high load this time might be too short, and can be scaled up using this option.\n",
                                  "type" : "string",
                                  "pattern" : "[0-9]+"
                                },
                                "log_verbosity" : {
                                  "title" : "Verbosity of the extractor logging",
                                  "description" : "Set the verbosity of the extractor logging to 'quiet' (0), 'normal' (1), 'chatty' (2), or 'noisy' (3). The default is 'normal'.\n",
                                  "type" : "string",
                                  "pattern" : "[0-3]"
                                }
                              }
                            }
                          ],
                          "csharp" : [
                            {
                              "extractor_root" : "/nix/store/rpgkh3m25bjs70l3d9w5x5psrbx216ih-codeql-2.25.2/codeql/csharp",
                              "extractor_options" : {
                                "trap" : {
                                  "title" : "Options pertaining to TRAP.",
                                  "description" : "Options pertaining to TRAP.",
                                  "type" : "object",
                                  "properties" : {
                                    "compression" : {
                                      "title" : "Controls compression for the TRAP files written by the extractor.",
                                      "description" : "This option is only intended for use in debugging the extractor. Accepted values are 'brotli' (the default, to write brotli-compressed TRAP), 'gzip', and 'none' (to write uncompressed TRAP).\n",
                                      "type" : "string",
                                      "pattern" : "^(none|gzip|brotli)$"
                                    }
                                  }
                                },
                                "buildless" : {
                                  "title" : "DEPRECATED - Whether to use buildless (standalone) extraction.",
                                  "description" : "DEPRECATED: Use `--build-mode none` instead.\nA value indicating, which type of extraction the autobuilder should perform. If 'true', then the standalone extractor will be used, otherwise tracing extraction will be performed. The default is 'false'. Note that buildless extraction will generally yield less accurate analysis results, and should only be used in cases where it is not possible to build the code (for example if it uses inaccessible dependencies).\n",
                                  "type" : "string",
                                  "pattern" : "^(false|true)$"
                                },
                                "logging" : {
                                  "title" : "Options pertaining to logging.",
                                  "description" : "Options pertaining to logging.",
                                  "type" : "object",
                                  "properties" : {
                                    "verbosity" : {
                                      "title" : "Extractor logging verbosity level.",
                                      "description" : "Controls the level of verbosity of the extractor. The supported levels are (in order of increasing verbosity):\n  - off\n  - errors\n  - warnings\n  - info or progress\n  - debug or progress+\n  - trace or progress++\n  - progress+++\n",
                                      "type" : "string",
                                      "pattern" : "^(off|errors|warnings|(info|progress)|(debug|progress\\+)|(trace|progress\\+\\+)|progress\\+\\+\\+)$"
                                    }
                                  }
                                },
                                "binlog" : {
                                  "title" : "Binlog",
                                  "description" : "[EXPERIMENTAL] The value is a path to the MsBuild binary log file that should be extracted. This option only works when `--build-mode none` is also specified.\n",
                                  "type" : "array"
                                },
                                "buildless_dependency_dir" : {
                                  "title" : "The path where buildless (standalone) extraction should keep dependencies.",
                                  "description" : "If set, the buildless (standalone) extractor will store dependencies in this directory.\n",
                                  "type" : "string"
                                }
                              }
                            }
                          ],
                          "properties" : [
                            {
                              "extractor_root" : "/nix/store/rpgkh3m25bjs70l3d9w5x5psrbx216ih-codeql-2.25.2/codeql/properties"
                            }
                          ],
                          "swift" : [
                            {
                              "extractor_root" : "/nix/store/rpgkh3m25bjs70l3d9w5x5psrbx216ih-codeql-2.25.2/codeql/swift"
                            }
                          ],
                          "xml" : [
                            {
                              "extractor_root" : "/nix/store/rpgkh3m25bjs70l3d9w5x5psrbx216ih-codeql-2.25.2/codeql/xml"
                            }
                          ],
                          "csv" : [
                            {
                              "extractor_root" : "/nix/store/rpgkh3m25bjs70l3d9w5x5psrbx216ih-codeql-2.25.2/codeql/csv"
                            }
                          ],
                          "java" : [
                            {
                              "extractor_root" : "/nix/store/rpgkh3m25bjs70l3d9w5x5psrbx216ih-codeql-2.25.2/codeql/java",
                              "extractor_options" : {
                                "exclude" : {
                                  "title" : "A glob excluding files from analysis.",
                                  "description" : "A glob indicating what files to exclude from the analysis. This accepts glob patterns that are supported by Java's 'getPathMatcher' implementation.\n",
                                  "type" : "string"
                                },
                                "add_prefer_source" : {
                                  "title" : "Whether to always prefer source files over class files.",
                                  "description" : "A value indicating whether source files should be preferred over class files. If set to 'true', the extraction adds '-Xprefer:source' to the javac command line. If set to 'false', the extraction uses the default javac behavior ('-Xprefer:newer'). The default is 'true'.\n",
                                  "type" : "string",
                                  "pattern" : "^(false|true)$"
                                },
                                "buildless" : {
                                  "title" : "Whether to use buildless (standalone) extraction (experimental).",
                                  "description" : "A value indicating, which type of extraction the autobuilder should perform. If 'true', then the standalone extractor will be used, otherwise tracing extraction will be performed. The default is 'false'. Note that buildless extraction will generally yield less accurate analysis results, and should only be used in cases where it is not possible to build the code (for example if it uses inaccessible dependencies).\n",
                                  "type" : "string",
                                  "pattern" : "^(false|true)$"
                                },
                                "buildless_dependency_dir" : {
                                  "title" : "The path where buildless (standalone) extraction should keep dependencies.",
                                  "description" : "If set, the buildless (standalone) extractor will store dependencies in this directory.\n",
                                  "type" : "string"
                                },
                                "minimize_dependency_jars" : {
                                  "title" : "Whether to rewrite and minimize downloaded JAR dependencies (experimental).",
                                  "description" : "If 'true', JAR dependencies downloaded during extraction will be rewritten to remove unneeded data, such as method bodies. The default is 'false'.\n",
                                  "type" : "string",
                                  "pattern" : "^(false|true)$"
                                }
                              }
                            }
                          ],
                          "javascript" : [
                            {
                              "extractor_root" : "/nix/store/rpgkh3m25bjs70l3d9w5x5psrbx216ih-codeql-2.25.2/codeql/javascript",
                              "extractor_options" : {
                                "skip_types" : {
                                  "title" : "Skip type extraction for TypeScript",
                                  "description" : "Whether to skip the extraction of types in a TypeScript application",
                                  "type" : "string",
                                  "pattern" : "^(false|true)$"
                                }
                              }
                            }
                          ],
                          "rust" : [
                            {
                              "extractor_root" : "/nix/store/rpgkh3m25bjs70l3d9w5x5psrbx216ih-codeql-2.25.2/codeql/rust",
                              "extractor_options" : {
                                "trap" : {
                                  "title" : "Options pertaining to TRAP.",
                                  "description" : "Options pertaining to TRAP.",
                                  "type" : "object",
                                  "properties" : {
                                    "compression" : {
                                      "title" : "Controls compression for the TRAP files written by the extractor.",
                                      "description" : "This option is only intended for use in debugging the extractor. Accepted values are 'gzip' (to write gzip-compressed TRAP) 'zstd' (to write Zstandard-compressed TRAP) and 'none' (the default, to write uncompressed TRAP).\n",
                                      "type" : "string",
                                      "pattern" : "^(none|gzip|zstd)$"
                                    }
                                  }
                                },
                                "cargo_target_dir" : {
                                  "title" : "Directory to use for cargo output files.",
                                  "description" : "This value is an optional path to use as `CARGO_TARGET_DIR` for the internal cargo commands the extractor uses. Pointing it to a persistent directory may reduce execution time of consecutive extractor runs. By default, a new scratch directory is used for each run.\n",
                                  "type" : "string"
                                },
                                "cargo_target" : {
                                  "title" : "Target architecture",
                                  "description" : "Target architecture to use for analysis, analogous to `cargo --target`. By default the host architecture is used.\n",
                                  "type" : "string"
                                },
                                "cargo_features" : {
                                  "title" : "Cargo features to turn on",
                                  "description" : "Comma-separated list of features to turn on. By default all features are enabled. If any features are specified, then only those features are enabled. The `default` feature must be explicitly specified if only default features are desired. Can be repeated.\n",
                                  "type" : "array"
                                },
                                "cargo_cfg_overrides" : {
                                  "title" : "Cargo cfg overrides",
                                  "description" : "Comma-separated list of cfg settings to enable, or disable if prefixed with `-`. Can be repeated.\n",
                                  "type" : "array"
                                },
                                "logging" : {
                                  "title" : "Options pertaining to logging.",
                                  "description" : "Options pertaining to logging.",
                                  "type" : "object",
                                  "properties" : {
                                    "verbosity" : {
                                      "title" : "Extractor logging verbosity level.",
                                      "description" : "Controls the level of verbosity of the extractor. The supported levels are (in order of increasing verbosity):\n  - off\n  - errors\n  - warnings\n  - info or progress\n  - debug or progress+\n  - trace or progress++\n  - progress+++\n",
                                      "type" : "string",
                                      "pattern" : "^(off|errors|warnings|(info|progress)|(debug|progress\\+)|(trace|progress\\+\\+)|progress\\+\\+\\+)$"
                                    },
                                    "flamegraph" : {
                                      "title" : "[Experimental] File path for write flame graph log",
                                      "description" : "Collect flame graph data using the `tracing-flame` crate. To render a flame graph or chart, run the `inferno-flamegraph` command. See also: https://crates.io/crates/tracing-flame\n",
                                      "type" : "string"
                                    }
                                  }
                                },
                                "extract_dependencies_as_source" : {
                                  "title" : "Extract dependencies as source code",
                                  "description" : "Extract the full source code of dependencies instead of only extracting signatures.\n",
                                  "type" : "string",
                                  "pattern" : "^(false|true)$"
                                }
                              }
                            }
                          ],
                          "python" : [
                            {
                              "extractor_root" : "/nix/store/rpgkh3m25bjs70l3d9w5x5psrbx216ih-codeql-2.25.2/codeql/python",
                              "extractor_options" : {
                                "logging" : {
                                  "title" : "Options pertaining to logging.",
                                  "description" : "Options pertaining to logging.",
                                  "type" : "object",
                                  "properties" : {
                                    "verbosity" : {
                                      "title" : "Python extractor logging verbosity level.",
                                      "description" : "Controls the level of verbosity of the CodeQL Python extractor.\nThe supported levels are (in order of increasing verbosity):\n\n  - off\n  - errors\n  - warnings\n  - info or progress\n  - debug or progress+\n  - trace or progress++\n  - progress+++\n",
                                      "type" : "string",
                                      "pattern" : "^(off|errors|warnings|(info|progress)|(debug|progress\\+)|(trace|progress\\+\\+)|progress\\+\\+\\+)$"
                                    }
                                  }
                                },
                                "python_executable_name" : {
                                  "title" : "Controls the name of the Python executable used by the Python extractor.",
                                  "description" : "The Python extractor uses platform-dependent heuristics to determine the name of the Python executable to use. Specifying a value for this option overrides the name of the Python executable used by the extractor. Accepted values are py, python and python3. Use this setting with caution, the Python extractor requires Python 3 to run.\n",
                                  "type" : "string",
                                  "pattern" : "^(py|python|python3)$"
                                }
                              }
                            }
                          ]
                        }
                      }
[2026-04-29 20:31:19] [PROGRESS] database init> Calculating baseline information in /home/aoi/dev/metaplex-cli
[2026-04-29 20:31:19] [SPAMMY] database init> Ignoring the following directories when processing baseline information: .git, .hg, .svn.
[2026-04-29 20:31:19] [DETAILS] database init> Running command in /home/aoi/dev/metaplex-cli: /nix/store/rpgkh3m25bjs70l3d9w5x5psrbx216ih-codeql-2.25.2/codeql/tools/linux64/scc --by-file --exclude-dir .git,.hg,.svn --format json --no-large --no-min .
[2026-04-29 20:31:19] Using configure-baseline script /nix/store/rpgkh3m25bjs70l3d9w5x5psrbx216ih-codeql-2.25.2/codeql/javascript/tools/configure-baseline.sh.
[2026-04-29 20:31:19] [PROGRESS] database init> Running command in /home/aoi/dev/metaplex-cli: [/nix/store/rpgkh3m25bjs70l3d9w5x5psrbx216ih-codeql-2.25.2/codeql/javascript/tools/configure-baseline.sh]
[2026-04-29 20:31:19] Using configure-baseline script /nix/store/rpgkh3m25bjs70l3d9w5x5psrbx216ih-codeql-2.25.2/codeql/actions/tools/configure-baseline.sh.
[2026-04-29 20:31:19] [PROGRESS] database init> Running command in /home/aoi/dev/metaplex-cli: [/nix/store/rpgkh3m25bjs70l3d9w5x5psrbx216ih-codeql-2.25.2/codeql/actions/tools/configure-baseline.sh]
[2026-04-29 20:31:19] [SPAMMY] database init> Ignored an additional 1 files when processing baseline information for YAML due to paths and paths-ignore configuration.
[2026-04-29 20:31:19] [SPAMMY] database init> Found 277 baseline files for javascript.
[2026-04-29 20:31:19] [SPAMMY] database init> Found 3 baseline files for actions.
[2026-04-29 20:31:19] [PROGRESS] database init> Calculated baseline information for languages: actions, javascript (309ms).
[2026-04-29 20:31:19] [PROGRESS] database init> Resolving extractor javascript.
[2026-04-29 20:31:19] [DETAILS] database init> Found candidate extractor root for javascript: /nix/store/rpgkh3m25bjs70l3d9w5x5psrbx216ih-codeql-2.25.2/codeql/javascript.
[2026-04-29 20:31:19] [PROGRESS] database init> Successfully loaded extractor JavaScript/TypeScript (javascript) from /nix/store/rpgkh3m25bjs70l3d9w5x5psrbx216ih-codeql-2.25.2/codeql/javascript.
[2026-04-29 20:31:19] [PROGRESS] database init> Created skeleton CodeQL database at /home/aoi/dev/metaplex-cli/codeql-db. This in-progress database is ready to be populated by an extractor.
[2026-04-29 20:31:19] Plumbing command codeql database init completed.
[2026-04-29 20:31:19] [PROGRESS] database create> Running build command: [sh, -lc, 'pnpm, install, &&, pnpm, run, build']
[2026-04-29 20:31:19] Running plumbing command: codeql database trace-command --working-dir=/home/aoi/dev/metaplex-cli --index-traceless-dbs --no-db-cluster -- /home/aoi/dev/metaplex-cli/codeql-db sh -lc 'pnpm install && pnpm run build'
[2026-04-29 20:31:19] Using autobuild script /nix/store/rpgkh3m25bjs70l3d9w5x5psrbx216ih-codeql-2.25.2/codeql/javascript/tools/autobuild.sh.
[2026-04-29 20:31:19] [PROGRESS] database trace-command> Running command in /home/aoi/dev/metaplex-cli: [/nix/store/rpgkh3m25bjs70l3d9w5x5psrbx216ih-codeql-2.25.2/codeql/javascript/tools/autobuild.sh]
[2026-04-29 20:31:20] [build-stdout] Single-threaded extraction.
[2026-04-29 20:31:20] [build-stdout] package.json: Main file set to src/index.ts
[2026-04-29 20:31:21] [build-stdout] Found Node.js at: node
[2026-04-29 20:31:21] [build-stdout] Found Node.js version: v24.14.1
[2026-04-29 20:31:21] [build-stdout] Memory for TypeScript process: 2000 MB, and 400 MB reserve
[2026-04-29 20:31:22] [build-stdout] Extracting /home/aoi/dev/metaplex-cli/src/commands/core/asset/execute/index.ts
[2026-04-29 20:31:23] [build-stdout] Done extracting /home/aoi/dev/metaplex-cli/src/commands/core/asset/execute/index.ts (145 ms)
[2026-04-29 20:31:23] [build-stdout] Extracting /home/aoi/dev/metaplex-cli/src/commands/core/asset/execute/info.ts
[2026-04-29 20:31:23] [build-stdout] Done extracting /home/aoi/dev/metaplex-cli/src/commands/core/asset/execute/info.ts (64 ms)
[2026-04-29 20:31:23] [build-stdout] Extracting /home/aoi/dev/metaplex-cli/src/commands/agents/executive/delegate.ts
[2026-04-29 20:31:23] [build-stdout] Done extracting /home/aoi/dev/metaplex-cli/src/commands/agents/executive/delegate.ts (73 ms)
[2026-04-29 20:31:23] [build-stdout] Extracting /home/aoi/dev/metaplex-cli/src/commands/agents/executive/index.ts
[2026-04-29 20:31:23] [build-stdout] Done extracting /home/aoi/dev/metaplex-cli/src/commands/agents/executive/index.ts (22 ms)
[2026-04-29 20:31:23] [build-stdout] Extracting /home/aoi/dev/metaplex-cli/src/commands/agents/executive/register.ts
[2026-04-29 20:31:23] [build-stdout] Done extracting /home/aoi/dev/metaplex-cli/src/commands/agents/executive/register.ts (49 ms)
[2026-04-29 20:31:23] [build-stdout] Extracting /home/aoi/dev/metaplex-cli/src/commands/agents/executive/revoke.ts
[2026-04-29 20:31:23] [build-stdout] Done extracting /home/aoi/dev/metaplex-cli/src/commands/agents/executive/revoke.ts (88 ms)
[2026-04-29 20:31:23] [build-stdout] Extracting /home/aoi/dev/metaplex-cli/src/commands/bg/collection/create.ts
[2026-04-29 20:31:23] [build-stdout] Done extracting /home/aoi/dev/metaplex-cli/src/commands/bg/collection/create.ts (113 ms)
[2026-04-29 20:31:23] [build-stdout] Extracting /home/aoi/dev/metaplex-cli/src/commands/bg/collection/index.ts
[2026-04-29 20:31:23] [build-stdout] Done extracting /home/aoi/dev/metaplex-cli/src/commands/bg/collection/index.ts (18 ms)
[2026-04-29 20:31:23] [build-stdout] Extracting /home/aoi/dev/metaplex-cli/src/commands/bg/nft/burn.ts
[2026-04-29 20:31:23] [build-stdout] Done extracting /home/aoi/dev/metaplex-cli/src/commands/bg/nft/burn.ts (100 ms)
[2026-04-29 20:31:23] [build-stdout] Extracting /home/aoi/dev/metaplex-cli/src/commands/bg/nft/create.ts
[2026-04-29 20:31:24] [build-stdout] Done extracting /home/aoi/dev/metaplex-cli/src/commands/bg/nft/create.ts (504 ms)
[2026-04-29 20:31:24] [build-stdout] Extracting /home/aoi/dev/metaplex-cli/src/commands/bg/nft/fetch.ts
[2026-04-29 20:31:24] [build-stdout] Done extracting /home/aoi/dev/metaplex-cli/src/commands/bg/nft/fetch.ts (171 ms)
[2026-04-29 20:31:24] [build-stdout] Extracting /home/aoi/dev/metaplex-cli/src/commands/bg/nft/index.ts
[2026-04-29 20:31:24] [build-stdout] Done extracting /home/aoi/dev/metaplex-cli/src/commands/bg/nft/index.ts (21 ms)
[2026-04-29 20:31:24] [build-stdout] Extracting /home/aoi/dev/metaplex-cli/src/commands/bg/nft/transfer.ts
[2026-04-29 20:31:24] [build-stdout] Done extracting /home/aoi/dev/metaplex-cli/src/commands/bg/nft/transfer.ts (94 ms)
[2026-04-29 20:31:24] [build-stdout] Extracting /home/aoi/dev/metaplex-cli/src/commands/bg/nft/update.ts
[2026-04-29 20:31:24] [build-stdout] Done extracting /home/aoi/dev/metaplex-cli/src/commands/bg/nft/update.ts (245 ms)
[2026-04-29 20:31:24] [build-stdout] Extracting /home/aoi/dev/metaplex-cli/src/commands/bg/tree/create.ts
[2026-04-29 20:31:24] [build-stdout] Done extracting /home/aoi/dev/metaplex-cli/src/commands/bg/tree/create.ts (212 ms)
[2026-04-29 20:31:24] [build-stdout] Extracting /home/aoi/dev/metaplex-cli/src/commands/bg/tree/index.ts
[2026-04-29 20:31:24] [build-stdout] Done extracting /home/aoi/dev/metaplex-cli/src/commands/bg/tree/index.ts (17 ms)
[2026-04-29 20:31:24] [build-stdout] Extracting /home/aoi/dev/metaplex-cli/src/commands/bg/tree/list.ts
[2026-04-29 20:31:24] [build-stdout] Done extracting /home/aoi/dev/metaplex-cli/src/commands/bg/tree/list.ts (56 ms)
[2026-04-29 20:31:24] [build-stdout] Extracting /home/aoi/dev/metaplex-cli/src/commands/cm/guard/delete.ts
[2026-04-29 20:31:25] [build-stdout] Done extracting /home/aoi/dev/metaplex-cli/src/commands/cm/guard/delete.ts (89 ms)
[2026-04-29 20:31:25] [build-stdout] Extracting /home/aoi/dev/metaplex-cli/src/commands/cm/guard/index.ts
[2026-04-29 20:31:25] [build-stdout] Done extracting /home/aoi/dev/metaplex-cli/src/commands/cm/guard/index.ts (27 ms)
[2026-04-29 20:31:25] [build-stdout] Extracting /home/aoi/dev/metaplex-cli/src/commands/cm/guard/remove.ts
[2026-04-29 20:31:25] [build-stdout] Done extracting /home/aoi/dev/metaplex-cli/src/commands/cm/guard/remove.ts (80 ms)
[2026-04-29 20:31:25] [build-stdout] Extracting /home/aoi/dev/metaplex-cli/src/commands/cm/guard/update.ts
[2026-04-29 20:31:25] [build-stdout] Done extracting /home/aoi/dev/metaplex-cli/src/commands/cm/guard/update.ts (224 ms)
[2026-04-29 20:31:25] [build-stdout] Extracting /home/aoi/dev/metaplex-cli/src/commands/config/explorer/index.ts
[2026-04-29 20:31:25] [build-stdout] Done extracting /home/aoi/dev/metaplex-cli/src/commands/config/explorer/index.ts (14 ms)
[2026-04-29 20:31:25] [build-stdout] Extracting /home/aoi/dev/metaplex-cli/src/commands/config/explorer/set.ts
[2026-04-29 20:31:25] [build-stdout] Done extracting /home/aoi/dev/metaplex-cli/src/commands/config/explorer/set.ts (25 ms)
[2026-04-29 20:31:25] [build-stdout] Extracting /home/aoi/dev/metaplex-cli/src/commands/config/rpcs/add.ts
[2026-04-29 20:31:25] [build-stdout] Done extracting /home/aoi/dev/metaplex-cli/src/commands/config/rpcs/add.ts (32 ms)
[2026-04-29 20:31:25] [build-stdout] Extracting /home/aoi/dev/metaplex-cli/src/commands/config/rpcs/index.ts
[2026-04-29 20:31:25] [build-stdout] Done extracting /home/aoi/dev/metaplex-cli/src/commands/config/rpcs/index.ts (9 ms)
[2026-04-29 20:31:25] [build-stdout] Extracting /home/aoi/dev/metaplex-cli/src/commands/config/rpcs/list.ts
[2026-04-29 20:31:25] [build-stdout] Done extracting /home/aoi/dev/metaplex-cli/src/commands/config/rpcs/list.ts (20 ms)
[2026-04-29 20:31:25] [build-stdout] Extracting /home/aoi/dev/metaplex-cli/src/commands/config/rpcs/remove.ts
[2026-04-29 20:31:25] [build-stdout] Done extracting /home/aoi/dev/metaplex-cli/src/commands/config/rpcs/remove.ts (25 ms)
[2026-04-29 20:31:25] [build-stdout] Extracting /home/aoi/dev/metaplex-cli/src/commands/config/rpcs/set.ts
[2026-04-29 20:31:25] [build-stdout] Done extracting /home/aoi/dev/metaplex-cli/src/commands/config/rpcs/set.ts (33 ms)
[2026-04-29 20:31:25] [build-stdout] Extracting /home/aoi/dev/metaplex-cli/src/commands/config/storage/index.ts
[2026-04-29 20:31:25] [build-stdout] Done extracting /home/aoi/dev/metaplex-cli/src/commands/config/storage/index.ts (11 ms)
[2026-04-29 20:31:25] [build-stdout] Extracting /home/aoi/dev/metaplex-cli/src/commands/config/storage/set.ts
[2026-04-29 20:31:25] [build-stdout] Done extracting /home/aoi/dev/metaplex-cli/src/commands/config/storage/set.ts (27 ms)
[2026-04-29 20:31:25] [build-stdout] Extracting /home/aoi/dev/metaplex-cli/src/commands/config/wallets/add.ts
[2026-04-29 20:31:25] [build-stdout] Done extracting /home/aoi/dev/metaplex-cli/src/commands/config/wallets/add.ts (121 ms)
[2026-04-29 20:31:25] [build-stdout] Extracting /home/aoi/dev/metaplex-cli/src/commands/config/wallets/index.ts
[2026-04-29 20:31:25] [build-stdout] Done extracting /home/aoi/dev/metaplex-cli/src/commands/config/wallets/index.ts (16 ms)
[2026-04-29 20:31:25] [build-stdout] Extracting /home/aoi/dev/metaplex-cli/src/commands/config/wallets/list.ts
[2026-04-29 20:31:25] [build-stdout] Done extracting /home/aoi/dev/metaplex-cli/src/commands/config/wallets/list.ts (29 ms)
[2026-04-29 20:31:25] [build-stdout] Extracting /home/aoi/dev/metaplex-cli/src/commands/config/wallets/new.ts
[2026-04-29 20:31:25] [build-stdout] Done extracting /home/aoi/dev/metaplex-cli/src/commands/config/wallets/new.ts (63 ms)
[2026-04-29 20:31:25] [build-stdout] Extracting /home/aoi/dev/metaplex-cli/src/commands/config/wallets/remove.ts
[2026-04-29 20:31:25] [build-stdout] Done extracting /home/aoi/dev/metaplex-cli/src/commands/config/wallets/remove.ts (26 ms)
[2026-04-29 20:31:25] [build-stdout] Extracting /home/aoi/dev/metaplex-cli/src/commands/config/wallets/set.ts
[2026-04-29 20:31:24] [build-stdout] Done extracting /home/aoi/dev/metaplex-cli/src/commands/config/wallets/set.ts (54 ms)
[2026-04-29 20:31:24] [build-stdout] Extracting /home/aoi/dev/metaplex-cli/src/commands/core/asset/burn.ts
[2026-04-29 20:31:29] [build-stdout] Done extracting /home/aoi/dev/metaplex-cli/src/commands/core/asset/burn.ts (84 ms)
[2026-04-29 20:31:29] [build-stdout] Extracting /home/aoi/dev/metaplex-cli/src/commands/core/asset/create.ts
[2026-04-29 20:31:29] [build-stdout] Done extracting /home/aoi/dev/metaplex-cli/src/commands/core/asset/create.ts (121 ms)
[2026-04-29 20:31:29] [build-stdout] Extracting /home/aoi/dev/metaplex-cli/src/commands/core/asset/fetch.ts
[2026-04-29 20:31:29] [build-stdout] Done extracting /home/aoi/dev/metaplex-cli/src/commands/core/asset/fetch.ts (40 ms)
[2026-04-29 20:31:29] [build-stdout] Extracting /home/aoi/dev/metaplex-cli/src/commands/core/asset/index.ts
[2026-04-29 20:31:29] [build-stdout] Done extracting /home/aoi/dev/metaplex-cli/src/commands/core/asset/index.ts (9 ms)
[2026-04-29 20:31:29] [build-stdout] Extracting /home/aoi/dev/metaplex-cli/src/commands/core/asset/template.ts
[2026-04-29 20:31:29] [build-stdout] Done extracting /home/aoi/dev/metaplex-cli/src/commands/core/asset/template.ts (37 ms)
[2026-04-29 20:31:29] [build-stdout] Extracting /home/aoi/dev/metaplex-cli/src/commands/core/asset/transfer.ts
[2026-04-29 20:31:29] [build-stdout] Done extracting /home/aoi/dev/metaplex-cli/src/commands/core/asset/transfer.ts (44 ms)
[2026-04-29 20:31:29] [build-stdout] Extracting /home/aoi/dev/metaplex-cli/src/commands/core/asset/update.ts
[2026-04-29 20:31:29] [build-stdout] Done extracting /home/aoi/dev/metaplex-cli/src/commands/core/asset/update.ts (98 ms)
[2026-04-29 20:31:29] [build-stdout] Extracting /home/aoi/dev/metaplex-cli/src/commands/core/collection/add.ts
[2026-04-29 20:31:29] [build-stdout] Done extracting /home/aoi/dev/metaplex-cli/src/commands/core/collection/add.ts (22 ms)
[2026-04-29 20:31:29] [build-stdout] Extracting /home/aoi/dev/metaplex-cli/src/commands/core/collection/create.ts
[2026-04-29 20:31:29] [build-stdout] Done extracting /home/aoi/dev/metaplex-cli/src/commands/core/collection/create.ts (124 ms)
[2026-04-29 20:31:29] [build-stdout] Extracting /home/aoi/dev/metaplex-cli/src/commands/core/collection/fetch.ts
[2026-04-29 20:31:29] [build-stdout] Done extracting /home/aoi/dev/metaplex-cli/src/commands/core/collection/fetch.ts (45 ms)
[2026-04-29 20:31:29] [build-stdout] Extracting /home/aoi/dev/metaplex-cli/src/commands/core/collection/index.ts
[2026-04-29 20:31:29] [build-stdout] Done extracting /home/aoi/dev/metaplex-cli/src/commands/core/collection/index.ts (7 ms)
[2026-04-29 20:31:29] [build-stdout] Extracting /home/aoi/dev/metaplex-cli/src/commands/core/collection/template.ts
[2026-04-29 20:31:29] [build-stdout] Done extracting /home/aoi/dev/metaplex-cli/src/commands/core/collection/template.ts (27 ms)
[2026-04-29 20:31:29] [build-stdout] Extracting /home/aoi/dev/metaplex-cli/src/commands/core/plugins/add.ts
[2026-04-29 20:31:29] [build-stdout] Done extracting /home/aoi/dev/metaplex-cli/src/commands/core/plugins/add.ts (57 ms)
[2026-04-29 20:31:29] [build-stdout] Extracting /home/aoi/dev/metaplex-cli/src/commands/core/plugins/generate.ts
[2026-04-29 20:31:30] [build-stdout] Done extracting /home/aoi/dev/metaplex-cli/src/commands/core/plugins/generate.ts (22 ms)
[2026-04-29 20:31:30] [build-stdout] Extracting /home/aoi/dev/metaplex-cli/src/commands/core/plugins/index.ts
[2026-04-29 20:31:30] [build-stdout] Done extracting /home/aoi/dev/metaplex-cli/src/commands/core/plugins/index.ts (9 ms)
[2026-04-29 20:31:30] [build-stdout] Extracting /home/aoi/dev/metaplex-cli/src/commands/core/plugins/update.ts
[2026-04-29 20:31:30] [build-stdout] Done extracting /home/aoi/dev/metaplex-cli/src/commands/core/plugins/update.ts (73 ms)
[2026-04-29 20:31:30] [build-stdout] Extracting /home/aoi/dev/metaplex-cli/src/commands/genesis/bucket/add-launch-pool.ts
[2026-04-29 20:31:30] [build-stdout] Done extracting /home/aoi/dev/metaplex-cli/src/commands/genesis/bucket/add-launch-pool.ts (145 ms)
[2026-04-29 20:31:30] [build-stdout] Extracting /home/aoi/dev/metaplex-cli/src/commands/genesis/bucket/add-presale.ts
[2026-04-29 20:31:30] [build-stdout] Done extracting /home/aoi/dev/metaplex-cli/src/commands/genesis/bucket/add-presale.ts (62 ms)
[2026-04-29 20:31:30] [build-stdout] Extracting /home/aoi/dev/metaplex-cli/src/commands/genesis/bucket/add-unlocked.ts
[2026-04-29 20:31:30] [build-stdout] Done extracting /home/aoi/dev/metaplex-cli/src/commands/genesis/bucket/add-unlocked.ts (51 ms)
[2026-04-29 20:31:30] [build-stdout] Extracting /home/aoi/dev/metaplex-cli/src/commands/genesis/bucket/fetch.ts
[2026-04-29 20:31:30] [build-stdout] Done extracting /home/aoi/dev/metaplex-cli/src/commands/genesis/bucket/fetch.ts (190 ms)
[2026-04-29 20:31:30] [build-stdout] Extracting /home/aoi/dev/metaplex-cli/src/commands/genesis/bucket/index.ts
[2026-04-29 20:31:30] [build-stdout] Done extracting /home/aoi/dev/metaplex-cli/src/commands/genesis/bucket/index.ts (13 ms)
[2026-04-29 20:31:30] [build-stdout] Extracting /home/aoi/dev/metaplex-cli/src/commands/genesis/launch/create.ts
[2026-04-29 20:31:30] [build-stdout] Done extracting /home/aoi/dev/metaplex-cli/src/commands/genesis/launch/create.ts (249 ms)
[2026-04-29 20:31:30] [build-stdout] Extracting /home/aoi/dev/metaplex-cli/src/commands/genesis/launch/index.ts
[2026-04-29 20:31:30] [build-stdout] Done extracting /home/aoi/dev/metaplex-cli/src/commands/genesis/launch/index.ts (8 ms)
[2026-04-29 20:31:30] [build-stdout] Extracting /home/aoi/dev/metaplex-cli/src/commands/genesis/launch/register.ts
[2026-04-29 20:31:30] [build-stdout] Done extracting /home/aoi/dev/metaplex-cli/src/commands/genesis/launch/register.ts (75 ms)
[2026-04-29 20:31:30] [build-stdout] Extracting /home/aoi/dev/metaplex-cli/src/commands/genesis/presale/claim.ts
[2026-04-29 20:31:30] [build-stdout] Done extracting /home/aoi/dev/metaplex-cli/src/commands/genesis/presale/claim.ts (56 ms)
[2026-04-29 20:31:30] [build-stdout] Extracting /home/aoi/dev/metaplex-cli/src/commands/genesis/presale/deposit.ts
[2026-04-29 20:31:30] [build-stdout] Done extracting /home/aoi/dev/metaplex-cli/src/commands/genesis/presale/deposit.ts (38 ms)
[2026-04-29 20:31:30] [build-stdout] Extracting /home/aoi/dev/metaplex-cli/src/commands/genesis/presale/index.ts
[2026-04-29 20:31:30] [build-stdout] Done extracting /home/aoi/dev/metaplex-cli/src/commands/genesis/presale/index.ts (11 ms)
[2026-04-29 20:31:30] [build-stdout] Extracting /home/aoi/dev/metaplex-cli/src/commands/toolbox/lut/close.ts
[2026-04-29 20:31:31] [build-stdout] Done extracting /home/aoi/dev/metaplex-cli/src/commands/toolbox/lut/close.ts (65 ms)
[2026-04-29 20:31:31] [build-stdout] Extracting /home/aoi/dev/metaplex-cli/src/commands/toolbox/lut/create.ts
[2026-04-29 20:31:31] [build-stdout] Done extracting /home/aoi/dev/metaplex-cli/src/commands/toolbox/lut/create.ts (44 ms)
[2026-04-29 20:31:31] [build-stdout] Extracting /home/aoi/dev/metaplex-cli/src/commands/toolbox/lut/deactivate.ts
[2026-04-29 20:31:31] [build-stdout] Done extracting /home/aoi/dev/metaplex-cli/src/commands/toolbox/lut/deactivate.ts (40 ms)
[2026-04-29 20:31:31] [build-stdout] Extracting /home/aoi/dev/metaplex-cli/src/commands/toolbox/lut/fetch.ts
[2026-04-29 20:31:31] [build-stdout] Done extracting /home/aoi/dev/metaplex-cli/src/commands/toolbox/lut/fetch.ts (38 ms)
[2026-04-29 20:31:31] [build-stdout] Extracting /home/aoi/dev/metaplex-cli/src/commands/toolbox/lut/index.ts
[2026-04-29 20:31:31] [build-stdout] Done extracting /home/aoi/dev/metaplex-cli/src/commands/toolbox/lut/index.ts (8 ms)
[2026-04-29 20:31:31] [build-stdout] Extracting /home/aoi/dev/metaplex-cli/src/commands/toolbox/sol/airdrop.ts
[2026-04-29 20:31:31] [build-stdout] Done extracting /home/aoi/dev/metaplex-cli/src/commands/toolbox/sol/airdrop.ts (21 ms)
[2026-04-29 20:31:31] [build-stdout] Extracting /home/aoi/dev/metaplex-cli/src/commands/toolbox/sol/balance.ts
[2026-04-29 20:31:31] [build-stdout] Done extracting /home/aoi/dev/metaplex-cli/src/commands/toolbox/sol/balance.ts (30 ms)
[2026-04-29 20:31:31] [build-stdout] Extracting /home/aoi/dev/metaplex-cli/src/commands/toolbox/sol/index.ts
[2026-04-29 20:31:31] [build-stdout] Done extracting /home/aoi/dev/metaplex-cli/src/commands/toolbox/sol/index.ts (8 ms)
[2026-04-29 20:31:31] [build-stdout] Extracting /home/aoi/dev/metaplex-cli/src/commands/toolbox/sol/transfer.ts
[2026-04-29 20:31:31] [build-stdout] Done extracting /home/aoi/dev/metaplex-cli/src/commands/toolbox/sol/transfer.ts (32 ms)
[2026-04-29 20:31:31] [build-stdout] Extracting /home/aoi/dev/metaplex-cli/src/commands/toolbox/sol/unwrap.ts
[2026-04-29 20:31:31] [build-stdout] Done extracting /home/aoi/dev/metaplex-cli/src/commands/toolbox/sol/unwrap.ts (28 ms)
[2026-04-29 20:31:31] [build-stdout] Extracting /home/aoi/dev/metaplex-cli/src/commands/toolbox/sol/wrap.ts
[2026-04-29 20:31:31] [build-stdout] Done extracting /home/aoi/dev/metaplex-cli/src/commands/toolbox/sol/wrap.ts (40 ms)
[2026-04-29 20:31:31] [build-stdout] Extracting /home/aoi/dev/metaplex-cli/src/commands/toolbox/storage/balance.ts
[2026-04-29 20:31:31] [build-stdout] Done extracting /home/aoi/dev/metaplex-cli/src/commands/toolbox/storage/balance.ts (16 ms)
[2026-04-29 20:31:31] [build-stdout] Extracting /home/aoi/dev/metaplex-cli/src/commands/toolbox/storage/fund.ts
[2026-04-29 20:31:31] [build-stdout] Done extracting /home/aoi/dev/metaplex-cli/src/commands/toolbox/storage/fund.ts (25 ms)
[2026-04-29 20:31:31] [build-stdout] Extracting /home/aoi/dev/metaplex-cli/src/commands/toolbox/storage/index.ts
[2026-04-29 20:31:31] [build-stdout] Done extracting /home/aoi/dev/metaplex-cli/src/commands/toolbox/storage/index.ts (17 ms)
[2026-04-29 20:31:31] [build-stdout] Extracting /home/aoi/dev/metaplex-cli/src/commands/toolbox/storage/upload.ts
[2026-04-29 20:31:31] [build-stdout] Done extracting /home/aoi/dev/metaplex-cli/src/commands/toolbox/storage/upload.ts (49 ms)
[2026-04-29 20:31:31] [build-stdout] Extracting /home/aoi/dev/metaplex-cli/src/commands/toolbox/storage/withdraw.ts
[2026-04-29 20:31:31] [build-stdout] Done extracting /home/aoi/dev/metaplex-cli/src/commands/toolbox/storage/withdraw.ts (33 ms)
[2026-04-29 20:31:31] [build-stdout] Extracting /home/aoi/dev/metaplex-cli/src/commands/toolbox/template/index.ts
[2026-04-29 20:31:31] [build-stdout] Done extracting /home/aoi/dev/metaplex-cli/src/commands/toolbox/template/index.ts (12 ms)
[2026-04-29 20:31:31] [build-stdout] Extracting /home/aoi/dev/metaplex-cli/src/commands/toolbox/template/program.ts
[2026-04-29 20:31:31] [build-stdout] Done extracting /home/aoi/dev/metaplex-cli/src/commands/toolbox/template/program.ts (25 ms)
[2026-04-29 20:31:31] [build-stdout] Extracting /home/aoi/dev/metaplex-cli/src/commands/toolbox/template/website.ts
[2026-04-29 20:31:31] [build-stdout] Done extracting /home/aoi/dev/metaplex-cli/src/commands/toolbox/template/website.ts (24 ms)
[2026-04-29 20:31:31] [build-stdout] Extracting /home/aoi/dev/metaplex-cli/src/commands/toolbox/token/add-metadata.ts
[2026-04-29 20:31:31] [build-stdout] Done extracting /home/aoi/dev/metaplex-cli/src/commands/toolbox/token/add-metadata.ts (94 ms)
[2026-04-29 20:31:31] [build-stdout] Extracting /home/aoi/dev/metaplex-cli/src/commands/toolbox/token/create.ts
[2026-04-29 20:31:31] [build-stdout] Done extracting /home/aoi/dev/metaplex-cli/src/commands/toolbox/token/create.ts (109 ms)
[2026-04-29 20:31:31] [build-stdout] Extracting /home/aoi/dev/metaplex-cli/src/commands/toolbox/token/index.ts
[2026-04-29 20:31:31] [build-stdout] Done extracting /home/aoi/dev/metaplex-cli/src/commands/toolbox/token/index.ts (16 ms)
[2026-04-29 20:31:31] [build-stdout] Extracting /home/aoi/dev/metaplex-cli/src/commands/toolbox/token/mint.ts
[2026-04-29 20:31:31] [build-stdout] Done extracting /home/aoi/dev/metaplex-cli/src/commands/toolbox/token/mint.ts (40 ms)
[2026-04-29 20:31:31] [build-stdout] Extracting /home/aoi/dev/metaplex-cli/src/commands/toolbox/token/transfer.ts
[2026-04-29 20:31:31] [build-stdout] Done extracting /home/aoi/dev/metaplex-cli/src/commands/toolbox/token/transfer.ts (26 ms)
[2026-04-29 20:31:31] [build-stdout] Extracting /home/aoi/dev/metaplex-cli/src/commands/toolbox/token/update.ts
[2026-04-29 20:31:31] [build-stdout] Done extracting /home/aoi/dev/metaplex-cli/src/commands/toolbox/token/update.ts (88 ms)
[2026-04-29 20:31:31] [build-stdout] Extracting /home/aoi/dev/metaplex-cli/src/lib/cm/prompts/createCandyMachineWizardPrompt.ts
[2026-04-29 20:31:32] [build-stdout] Done extracting /home/aoi/dev/metaplex-cli/src/lib/cm/prompts/createCandyMachineWizardPrompt.ts (135 ms)
[2026-04-29 20:31:32] [build-stdout] Extracting /home/aoi/dev/metaplex-cli/src/lib/core/burn/batchBurn.ts
[2026-04-29 20:31:32] [build-stdout] Done extracting /home/aoi/dev/metaplex-cli/src/lib/core/burn/batchBurn.ts (20 ms)
[2026-04-29 20:31:32] [build-stdout] Extracting /home/aoi/dev/metaplex-cli/src/lib/core/burn/burnAssetTx.ts
[2026-04-29 20:31:32] [build-stdout] Done extracting /home/aoi/dev/metaplex-cli/src/lib/core/burn/burnAssetTx.ts (12 ms)
[2026-04-29 20:31:32] [build-stdout] Extracting /home/aoi/dev/metaplex-cli/src/lib/core/create/cache.ts
[2026-04-29 20:31:32] [build-stdout] Done extracting /home/aoi/dev/metaplex-cli/src/lib/core/create/cache.ts (11 ms)
[2026-04-29 20:31:32] [build-stdout] Extracting /home/aoi/dev/metaplex-cli/src/lib/core/create/createAssetFromArgs.ts
[2026-04-29 20:31:32] [build-stdout] Done extracting /home/aoi/dev/metaplex-cli/src/lib/core/create/createAssetFromArgs.ts (19 ms)
[2026-04-29 20:31:32] [build-stdout] Extracting /home/aoi/dev/metaplex-cli/src/lib/core/create/createAssetFromFiles.ts
[2026-04-29 20:31:32] [build-stdout] Done extracting /home/aoi/dev/metaplex-cli/src/lib/core/create/createAssetFromFiles.ts (23 ms)
[2026-04-29 20:31:32] [build-stdout] Extracting /home/aoi/dev/metaplex-cli/src/lib/core/create/createAssetsFromDirectory.ts
[2026-04-29 20:31:32] [build-stdout] Done extracting /home/aoi/dev/metaplex-cli/src/lib/core/create/createAssetsFromDirectory.ts (92 ms)
[2026-04-29 20:31:32] [build-stdout] Extracting /home/aoi/dev/metaplex-cli/src/lib/core/create/createTx.ts
[2026-04-29 20:31:32] [build-stdout] Done extracting /home/aoi/dev/metaplex-cli/src/lib/core/create/createTx.ts (14 ms)
[2026-04-29 20:31:32] [build-stdout] Extracting /home/aoi/dev/metaplex-cli/src/lib/core/create/prepareJsonMetadata.ts
[2026-04-29 20:31:32] [build-stdout] Done extracting /home/aoi/dev/metaplex-cli/src/lib/core/create/prepareJsonMetadata.ts (12 ms)
[2026-04-29 20:31:32] [build-stdout] Extracting /home/aoi/dev/metaplex-cli/src/lib/core/fetch/batchFetch.ts
[2026-04-29 20:31:32] [build-stdout] Done extracting /home/aoi/dev/metaplex-cli/src/lib/core/fetch/batchFetch.ts (9 ms)
[2026-04-29 20:31:32] [build-stdout] Extracting /home/aoi/dev/metaplex-cli/src/lib/core/fetch/fetch.ts
[2026-04-29 20:31:32] [build-stdout] Done extracting /home/aoi/dev/metaplex-cli/src/lib/core/fetch/fetch.ts (62 ms)
[2026-04-29 20:31:32] [build-stdout] Extracting /home/aoi/dev/metaplex-cli/src/lib/core/templates/offchainAssetTemplate.ts
[2026-04-29 20:31:32] [build-stdout] Done extracting /home/aoi/dev/metaplex-cli/src/lib/core/templates/offchainAssetTemplate.ts (7 ms)
[2026-04-29 20:31:32] [build-stdout] Extracting /home/aoi/dev/metaplex-cli/src/lib/core/templates/offchainCollectionTemplate.ts
[2026-04-29 20:31:32] [build-stdout] Done extracting /home/aoi/dev/metaplex-cli/src/lib/core/templates/offchainCollectionTemplate.ts (5 ms)
[2026-04-29 20:31:32] [build-stdout] Extracting /home/aoi/dev/metaplex-cli/src/lib/core/update/batchUpdate.ts
[2026-04-29 20:31:32] [build-stdout] Done extracting /home/aoi/dev/metaplex-cli/src/lib/core/update/batchUpdate.ts (4 ms)
[2026-04-29 20:31:32] [build-stdout] Extracting /home/aoi/dev/metaplex-cli/src/lib/core/update/update.ts
[2026-04-29 20:31:32] [build-stdout] Done extracting /home/aoi/dev/metaplex-cli/src/lib/core/update/update.ts (3 ms)
[2026-04-29 20:31:32] [build-stdout] Extracting /home/aoi/dev/metaplex-cli/src/lib/distro/prompts/create-distro-wizard.ts
[2026-04-29 20:31:32] [build-stdout] Done extracting /home/aoi/dev/metaplex-cli/src/lib/distro/prompts/create-distro-wizard.ts (48 ms)
[2026-04-29 20:31:32] [build-stdout] Extracting /home/aoi/dev/metaplex-cli/src/lib/types/cache/baseCache.ts
[2026-04-29 20:31:32] [build-stdout] Done extracting /home/aoi/dev/metaplex-cli/src/lib/types/cache/baseCache.ts (9 ms)
[2026-04-29 20:31:32] [build-stdout] Extracting /home/aoi/dev/metaplex-cli/src/lib/types/cache/burnCache.ts
[2026-04-29 20:31:32] [build-stdout] Done extracting /home/aoi/dev/metaplex-cli/src/lib/types/cache/burnCache.ts (5 ms)
[2026-04-29 20:31:32] [build-stdout] Extracting /home/aoi/dev/metaplex-cli/src/lib/types/cache/candyMachineCache.ts
[2026-04-29 20:31:32] [build-stdout] Done extracting /home/aoi/dev/metaplex-cli/src/lib/types/cache/candyMachineCache.ts (7 ms)
[2026-04-29 20:31:32] [build-stdout] Extracting /home/aoi/dev/metaplex-cli/src/lib/types/cache/createCache.ts
[2026-04-29 20:31:32] [build-stdout] Done extracting /home/aoi/dev/metaplex-cli/src/lib/types/cache/createCache.ts (9 ms)
[2026-04-29 20:31:32] [build-stdout] Extracting /home/aoi/dev/metaplex-cli/src/lib/uploader/uploadProviders/cascade.ts
[2026-04-29 20:31:32] [build-stdout] Done extracting /home/aoi/dev/metaplex-cli/src/lib/uploader/uploadProviders/cascade.ts (7 ms)
[2026-04-29 20:31:32] [build-stdout] Extracting /home/aoi/dev/metaplex-cli/src/lib/uploader/uploadProviders/index.ts
[2026-04-29 20:31:32] [build-stdout] Done extracting /home/aoi/dev/metaplex-cli/src/lib/uploader/uploadProviders/index.ts (10 ms)
[2026-04-29 20:31:32] [build-stdout] Extracting /home/aoi/dev/metaplex-cli/src/lib/uploader/uploadProviders/irys.ts
[2026-04-29 20:31:32] [build-stdout] Done extracting /home/aoi/dev/metaplex-cli/src/lib/uploader/uploadProviders/irys.ts (8 ms)
[2026-04-29 20:31:32] [build-stdout] Extracting /home/aoi/dev/metaplex-cli/src/lib/uploader/uploadProviders/turbo.ts
[2026-04-29 20:31:32] [build-stdout] Done extracting /home/aoi/dev/metaplex-cli/src/lib/uploader/uploadProviders/turbo.ts (10 ms)
[2026-04-29 20:31:32] [build-stdout] Extracting /home/aoi/dev/metaplex-cli/src/commands/agents/fetch.ts
[2026-04-29 20:31:32] [build-stdout] Done extracting /home/aoi/dev/metaplex-cli/src/commands/agents/fetch.ts (29 ms)
[2026-04-29 20:31:32] [build-stdout] Extracting /home/aoi/dev/metaplex-cli/src/commands/agents/index.ts
[2026-04-29 20:31:32] [build-stdout] Done extracting /home/aoi/dev/metaplex-cli/src/commands/agents/index.ts (13 ms)
[2026-04-29 20:31:32] [build-stdout] Extracting /home/aoi/dev/metaplex-cli/src/commands/agents/register.ts
[2026-04-29 20:31:32] [build-stdout] Done extracting /home/aoi/dev/metaplex-cli/src/commands/agents/register.ts (157 ms)
[2026-04-29 20:31:32] [build-stdout] Extracting /home/aoi/dev/metaplex-cli/src/commands/agents/set-agent-token.ts
[2026-04-29 20:31:32] [build-stdout] Done extracting /home/aoi/dev/metaplex-cli/src/commands/agents/set-agent-token.ts (25 ms)
[2026-04-29 20:31:32] [build-stdout] Extracting /home/aoi/dev/metaplex-cli/src/commands/bg/index.ts
[2026-04-29 20:31:32] [build-stdout] Done extracting /home/aoi/dev/metaplex-cli/src/commands/bg/index.ts (8 ms)
[2026-04-29 20:31:32] [build-stdout] Extracting /home/aoi/dev/metaplex-cli/src/commands/cm/create.ts
[2026-04-29 20:31:32] [build-stdout] Done extracting /home/aoi/dev/metaplex-cli/src/commands/cm/create.ts (241 ms)
[2026-04-29 20:31:32] [build-stdout] Extracting /home/aoi/dev/metaplex-cli/src/commands/cm/fetch.ts
[2026-04-29 20:31:33] [build-stdout] Done extracting /home/aoi/dev/metaplex-cli/src/commands/cm/fetch.ts (33 ms)
[2026-04-29 20:31:33] [build-stdout] Extracting /home/aoi/dev/metaplex-cli/src/commands/cm/index.ts
[2026-04-29 20:31:33] [build-stdout] Done extracting /home/aoi/dev/metaplex-cli/src/commands/cm/index.ts (15 ms)
[2026-04-29 20:31:33] [build-stdout] Extracting /home/aoi/dev/metaplex-cli/src/commands/cm/insert.ts
[2026-04-29 20:31:33] [build-stdout] Done extracting /home/aoi/dev/metaplex-cli/src/commands/cm/insert.ts (32 ms)
[2026-04-29 20:31:33] [build-stdout] Extracting /home/aoi/dev/metaplex-cli/src/commands/cm/upload.ts
[2026-04-29 20:31:33] [build-stdout] Done extracting /home/aoi/dev/metaplex-cli/src/commands/cm/upload.ts (45 ms)
[2026-04-29 20:31:33] [build-stdout] Extracting /home/aoi/dev/metaplex-cli/src/commands/cm/validate.ts
[2026-04-29 20:31:33] [build-stdout] Done extracting /home/aoi/dev/metaplex-cli/src/commands/cm/validate.ts (41 ms)
[2026-04-29 20:31:33] [build-stdout] Extracting /home/aoi/dev/metaplex-cli/src/commands/cm/withdraw.ts
[2026-04-29 20:31:33] [build-stdout] Done extracting /home/aoi/dev/metaplex-cli/src/commands/cm/withdraw.ts (67 ms)
[2026-04-29 20:31:33] [build-stdout] Extracting /home/aoi/dev/metaplex-cli/src/commands/config/get.ts
[2026-04-29 20:31:33] [build-stdout] Done extracting /home/aoi/dev/metaplex-cli/src/commands/config/get.ts (21 ms)
[2026-04-29 20:31:33] [build-stdout] Extracting /home/aoi/dev/metaplex-cli/src/commands/config/index.ts
[2026-04-29 20:31:33] [build-stdout] Done extracting /home/aoi/dev/metaplex-cli/src/commands/config/index.ts (36 ms)
[2026-04-29 20:31:33] [build-stdout] Extracting /home/aoi/dev/metaplex-cli/src/commands/config/set.ts
[2026-04-29 20:31:33] [build-stdout] Done extracting /home/aoi/dev/metaplex-cli/src/commands/config/set.ts (27 ms)
[2026-04-29 20:31:33] [build-stdout] Extracting /home/aoi/dev/metaplex-cli/src/commands/core/index.ts
[2026-04-29 20:31:33] [build-stdout] Done extracting /home/aoi/dev/metaplex-cli/src/commands/core/index.ts (30 ms)
[2026-04-29 20:31:33] [build-stdout] Extracting /home/aoi/dev/metaplex-cli/src/commands/distro/create.ts
[2026-04-29 20:31:33] [build-stdout] Done extracting /home/aoi/dev/metaplex-cli/src/commands/distro/create.ts (120 ms)
[2026-04-29 20:31:33] [build-stdout] Extracting /home/aoi/dev/metaplex-cli/src/commands/distro/deposit.ts
[2026-04-29 20:31:33] [build-stdout] Done extracting /home/aoi/dev/metaplex-cli/src/commands/distro/deposit.ts (64 ms)
[2026-04-29 20:31:33] [build-stdout] Extracting /home/aoi/dev/metaplex-cli/src/commands/distro/fetch.ts
[2026-04-29 20:31:33] [build-stdout] Done extracting /home/aoi/dev/metaplex-cli/src/commands/distro/fetch.ts (52 ms)
[2026-04-29 20:31:33] [build-stdout] Extracting /home/aoi/dev/metaplex-cli/src/commands/distro/index.ts
[2026-04-29 20:31:33] [build-stdout] Done extracting /home/aoi/dev/metaplex-cli/src/commands/distro/index.ts (11 ms)
[2026-04-29 20:31:33] [build-stdout] Extracting /home/aoi/dev/metaplex-cli/src/commands/distro/withdraw.ts
[2026-04-29 20:31:33] [build-stdout] Done extracting /home/aoi/dev/metaplex-cli/src/commands/distro/withdraw.ts (90 ms)
[2026-04-29 20:31:33] [build-stdout] Extracting /home/aoi/dev/metaplex-cli/src/commands/genesis/claim-unlocked.ts
[2026-04-29 20:31:33] [build-stdout] Done extracting /home/aoi/dev/metaplex-cli/src/commands/genesis/claim-unlocked.ts (46 ms)
[2026-04-29 20:31:33] [build-stdout] Extracting /home/aoi/dev/metaplex-cli/src/commands/genesis/claim.ts
[2026-04-29 20:31:33] [build-stdout] Done extracting /home/aoi/dev/metaplex-cli/src/commands/genesis/claim.ts (53 ms)
[2026-04-29 20:31:33] [build-stdout] Extracting /home/aoi/dev/metaplex-cli/src/commands/genesis/create.ts
[2026-04-29 20:31:33] [build-stdout] Done extracting /home/aoi/dev/metaplex-cli/src/commands/genesis/create.ts (79 ms)
[2026-04-29 20:31:33] [build-stdout] Extracting /home/aoi/dev/metaplex-cli/src/commands/genesis/deposit.ts
[2026-04-29 20:31:33] [build-stdout] Done extracting /home/aoi/dev/metaplex-cli/src/commands/genesis/deposit.ts (46 ms)
[2026-04-29 20:31:33] [build-stdout] Extracting /home/aoi/dev/metaplex-cli/src/commands/genesis/fetch.ts
[2026-04-29 20:31:33] [build-stdout] Done extracting /home/aoi/dev/metaplex-cli/src/commands/genesis/fetch.ts (44 ms)
[2026-04-29 20:31:33] [build-stdout] Extracting /home/aoi/dev/metaplex-cli/src/commands/genesis/finalize.ts
[2026-04-29 20:31:33] [build-stdout] Done extracting /home/aoi/dev/metaplex-cli/src/commands/genesis/finalize.ts (43 ms)
[2026-04-29 20:31:33] [build-stdout] Extracting /home/aoi/dev/metaplex-cli/src/commands/genesis/index.ts
[2026-04-29 20:31:34] [build-stdout] Done extracting /home/aoi/dev/metaplex-cli/src/commands/genesis/index.ts (14 ms)
[2026-04-29 20:31:34] [build-stdout] Extracting /home/aoi/dev/metaplex-cli/src/commands/genesis/revoke.ts
[2026-04-29 20:31:34] [build-stdout] Done extracting /home/aoi/dev/metaplex-cli/src/commands/genesis/revoke.ts (36 ms)
[2026-04-29 20:31:34] [build-stdout] Extracting /home/aoi/dev/metaplex-cli/src/commands/genesis/swap.ts
[2026-04-29 20:31:34] [build-stdout] Done extracting /home/aoi/dev/metaplex-cli/src/commands/genesis/swap.ts (150 ms)
[2026-04-29 20:31:34] [build-stdout] Extracting /home/aoi/dev/metaplex-cli/src/commands/genesis/transition.ts
[2026-04-29 20:31:34] [build-stdout] Done extracting /home/aoi/dev/metaplex-cli/src/commands/genesis/transition.ts (41 ms)
[2026-04-29 20:31:34] [build-stdout] Extracting /home/aoi/dev/metaplex-cli/src/commands/genesis/withdraw.ts
[2026-04-29 20:31:34] [build-stdout] Done extracting /home/aoi/dev/metaplex-cli/src/commands/genesis/withdraw.ts (47 ms)
[2026-04-29 20:31:34] [build-stdout] Extracting /home/aoi/dev/metaplex-cli/src/commands/tm/create.ts
[2026-04-29 20:31:34] [build-stdout] Done extracting /home/aoi/dev/metaplex-cli/src/commands/tm/create.ts (132 ms)
[2026-04-29 20:31:34] [build-stdout] Extracting /home/aoi/dev/metaplex-cli/src/commands/tm/index.ts
[2026-04-29 20:31:34] [build-stdout] Done extracting /home/aoi/dev/metaplex-cli/src/commands/tm/index.ts (6 ms)
[2026-04-29 20:31:34] [build-stdout] Extracting /home/aoi/dev/metaplex-cli/src/commands/tm/transfer.ts
[2026-04-29 20:31:34] [build-stdout] Done extracting /home/aoi/dev/metaplex-cli/src/commands/tm/transfer.ts (36 ms)
[2026-04-29 20:31:34] [build-stdout] Extracting /home/aoi/dev/metaplex-cli/src/commands/tm/update.ts
[2026-04-29 20:31:34] [build-stdout] Done extracting /home/aoi/dev/metaplex-cli/src/commands/tm/update.ts (104 ms)
[2026-04-29 20:31:34] [build-stdout] Extracting /home/aoi/dev/metaplex-cli/src/commands/toolbox/index.ts
[2026-04-29 20:31:34] [build-stdout] Done extracting /home/aoi/dev/metaplex-cli/src/commands/toolbox/index.ts (5 ms)
[2026-04-29 20:31:34] [build-stdout] Extracting /home/aoi/dev/metaplex-cli/src/commands/toolbox/rent.ts
[2026-04-29 20:31:34] [build-stdout] Done extracting /home/aoi/dev/metaplex-cli/src/commands/toolbox/rent.ts (20 ms)
[2026-04-29 20:31:34] [build-stdout] Extracting /home/aoi/dev/metaplex-cli/src/commands/toolbox/transaction.ts
[2026-04-29 20:31:34] [build-stdout] Done extracting /home/aoi/dev/metaplex-cli/src/commands/toolbox/transaction.ts (48 ms)
[2026-04-29 20:31:34] [build-stdout] Extracting /home/aoi/dev/metaplex-cli/src/lib/cm/candyGuardsSchema.ts
[2026-04-29 20:31:34] [build-stdout] Done extracting /home/aoi/dev/metaplex-cli/src/lib/cm/candyGuardsSchema.ts (74 ms)
[2026-04-29 20:31:34] [build-stdout] Extracting /home/aoi/dev/metaplex-cli/src/lib/cm/cm-utils.ts
[2026-04-29 20:31:34] [build-stdout] Done extracting /home/aoi/dev/metaplex-cli/src/lib/cm/cm-utils.ts (51 ms)
[2026-04-29 20:31:34] [build-stdout] Extracting /home/aoi/dev/metaplex-cli/src/lib/cm/createCmTemplateFolder.ts
[2026-04-29 20:31:34] [build-stdout] Done extracting /home/aoi/dev/metaplex-cli/src/lib/cm/createCmTemplateFolder.ts (53 ms)
[2026-04-29 20:31:34] [build-stdout] Extracting /home/aoi/dev/metaplex-cli/src/lib/cm/insertItems.ts
[2026-04-29 20:31:34] [build-stdout] Done extracting /home/aoi/dev/metaplex-cli/src/lib/cm/insertItems.ts (85 ms)
[2026-04-29 20:31:34] [build-stdout] Extracting /home/aoi/dev/metaplex-cli/src/lib/cm/jsonGuardParser.ts
[2026-04-29 20:31:35] [build-stdout] Done extracting /home/aoi/dev/metaplex-cli/src/lib/cm/jsonGuardParser.ts (219 ms)
[2026-04-29 20:31:35] [build-stdout] Extracting /home/aoi/dev/metaplex-cli/src/lib/cm/types.ts
[2026-04-29 20:31:35] [build-stdout] Done extracting /home/aoi/dev/metaplex-cli/src/lib/cm/types.ts (35 ms)
[2026-04-29 20:31:35] [build-stdout] Extracting /home/aoi/dev/metaplex-cli/src/lib/cm/uploadItems.ts
[2026-04-29 20:31:35] [build-stdout] Done extracting /home/aoi/dev/metaplex-cli/src/lib/cm/uploadItems.ts (42 ms)
[2026-04-29 20:31:35] [build-stdout] Extracting /home/aoi/dev/metaplex-cli/src/lib/cm/validateAssetsFolder.ts
[2026-04-29 20:31:35] [build-stdout] Done extracting /home/aoi/dev/metaplex-cli/src/lib/cm/validateAssetsFolder.ts (46 ms)
[2026-04-29 20:31:35] [build-stdout] Extracting /home/aoi/dev/metaplex-cli/src/lib/cm/validateCacheUploads.ts
[2026-04-29 20:31:35] [build-stdout] Done extracting /home/aoi/dev/metaplex-cli/src/lib/cm/validateCacheUploads.ts (11 ms)
[2026-04-29 20:31:35] [build-stdout] Extracting /home/aoi/dev/metaplex-cli/src/lib/execute/deserializeInstruction.ts
[2026-04-29 20:31:35] [build-stdout] Done extracting /home/aoi/dev/metaplex-cli/src/lib/execute/deserializeInstruction.ts (37 ms)
[2026-04-29 20:31:35] [build-stdout] Extracting /home/aoi/dev/metaplex-cli/src/lib/genesis/createGenesisWizardPrompt.ts
[2026-04-29 20:31:35] [build-stdout] Done extracting /home/aoi/dev/metaplex-cli/src/lib/genesis/createGenesisWizardPrompt.ts (275 ms)
[2026-04-29 20:31:35] [build-stdout] Extracting /home/aoi/dev/metaplex-cli/src/lib/genesis/launchApi.ts
[2026-04-29 20:31:35] [build-stdout] Done extracting /home/aoi/dev/metaplex-cli/src/lib/genesis/launchApi.ts (26 ms)
[2026-04-29 20:31:35] [build-stdout] Extracting /home/aoi/dev/metaplex-cli/src/lib/genesis/operations.ts
[2026-04-29 20:31:35] [build-stdout] Done extracting /home/aoi/dev/metaplex-cli/src/lib/genesis/operations.ts (78 ms)
[2026-04-29 20:31:35] [build-stdout] Extracting /home/aoi/dev/metaplex-cli/src/lib/genesis/wizard.ts
[2026-04-29 20:31:35] [build-stdout] Done extracting /home/aoi/dev/metaplex-cli/src/lib/genesis/wizard.ts (115 ms)
[2026-04-29 20:31:35] [build-stdout] Extracting /home/aoi/dev/metaplex-cli/src/lib/metadata/fetchJsonMetadata.ts
[2026-04-29 20:31:35] [build-stdout] Done extracting /home/aoi/dev/metaplex-cli/src/lib/metadata/fetchJsonMetadata.ts (10 ms)
[2026-04-29 20:31:35] [build-stdout] Extracting /home/aoi/dev/metaplex-cli/src/lib/metadata/getMetadata.ts
[2026-04-29 20:31:35] [build-stdout] Done extracting /home/aoi/dev/metaplex-cli/src/lib/metadata/getMetadata.ts (8 ms)
[2026-04-29 20:31:35] [build-stdout] Extracting /home/aoi/dev/metaplex-cli/src/lib/metadata/readJsonMetadataFromFile.ts
[2026-04-29 20:31:35] [build-stdout] Done extracting /home/aoi/dev/metaplex-cli/src/lib/metadata/readJsonMetadataFromFile.ts (5 ms)
[2026-04-29 20:31:35] [build-stdout] Extracting /home/aoi/dev/metaplex-cli/src/lib/toolbox/airdrop.ts
[2026-04-29 20:31:35] [build-stdout] Done extracting /home/aoi/dev/metaplex-cli/src/lib/toolbox/airdrop.ts (13 ms)
[2026-04-29 20:31:35] [build-stdout] Extracting /home/aoi/dev/metaplex-cli/src/lib/types/pluginData.ts
[2026-04-29 20:31:35] [build-stdout] Done extracting /home/aoi/dev/metaplex-cli/src/lib/types/pluginData.ts (17 ms)
[2026-04-29 20:31:35] [build-stdout] Extracting /home/aoi/dev/metaplex-cli/src/lib/ui/uploadProgressHandler.ts
[2026-04-29 20:31:35] [build-stdout] Done extracting /home/aoi/dev/metaplex-cli/src/lib/ui/uploadProgressHandler.ts (18 ms)
[2026-04-29 20:31:35] [build-stdout] Extracting /home/aoi/dev/metaplex-cli/src/lib/umi/assetSignerPlugin.ts
[2026-04-29 20:31:35] [build-stdout] Done extracting /home/aoi/dev/metaplex-cli/src/lib/umi/assetSignerPlugin.ts (9 ms)
[2026-04-29 20:31:35] [build-stdout] Extracting /home/aoi/dev/metaplex-cli/src/lib/umi/confirmAllTransactions.ts
[2026-04-29 20:31:35] [build-stdout] Done extracting /home/aoi/dev/metaplex-cli/src/lib/umi/confirmAllTransactions.ts (43 ms)
[2026-04-29 20:31:35] [build-stdout] Extracting /home/aoi/dev/metaplex-cli/src/lib/umi/confirmTransaction.ts
[2026-04-29 20:31:35] [build-stdout] Done extracting /home/aoi/dev/metaplex-cli/src/lib/umi/confirmTransaction.ts (19 ms)
[2026-04-29 20:31:35] [build-stdout] Extracting /home/aoi/dev/metaplex-cli/src/lib/umi/logFailedTransactions.ts
[2026-04-29 20:31:35] [build-stdout] Done extracting /home/aoi/dev/metaplex-cli/src/lib/umi/logFailedTransactions.ts (3 ms)
[2026-04-29 20:31:35] [build-stdout] Extracting /home/aoi/dev/metaplex-cli/src/lib/umi/sendAllTransactions.ts
[2026-04-29 20:31:35] [build-stdout] Done extracting /home/aoi/dev/metaplex-cli/src/lib/umi/sendAllTransactions.ts (16 ms)
[2026-04-29 20:31:35] [build-stdout] Extracting /home/aoi/dev/metaplex-cli/src/lib/umi/sendAllTransactionsAndConfirm.ts
[2026-04-29 20:31:35] [build-stdout] Done extracting /home/aoi/dev/metaplex-cli/src/lib/umi/sendAllTransactionsAndConfirm.ts (28 ms)
[2026-04-29 20:31:35] [build-stdout] Extracting /home/aoi/dev/metaplex-cli/src/lib/umi/sendAndConfirm.ts
[2026-04-29 20:31:35] [build-stdout] Done extracting /home/aoi/dev/metaplex-cli/src/lib/umi/sendAndConfirm.ts (11 ms)
[2026-04-29 20:31:35] [build-stdout] Extracting /home/aoi/dev/metaplex-cli/src/lib/umi/sendOptions.ts
[2026-04-29 20:31:36] [build-stdout] Done extracting /home/aoi/dev/metaplex-cli/src/lib/umi/sendOptions.ts (7 ms)
[2026-04-29 20:31:36] [build-stdout] Extracting /home/aoi/dev/metaplex-cli/src/lib/umi/sendTransaction.ts
[2026-04-29 20:31:36] [build-stdout] Done extracting /home/aoi/dev/metaplex-cli/src/lib/umi/sendTransaction.ts (23 ms)
[2026-04-29 20:31:36] [build-stdout] Extracting /home/aoi/dev/metaplex-cli/src/lib/umi/wrapForAssetSigner.ts
[2026-04-29 20:31:36] [build-stdout] Done extracting /home/aoi/dev/metaplex-cli/src/lib/umi/wrapForAssetSigner.ts (19 ms)
[2026-04-29 20:31:36] [build-stdout] Extracting /home/aoi/dev/metaplex-cli/src/lib/uploader/fetchAdvancedStorageProvider.ts
[2026-04-29 20:31:36] [build-stdout] Done extracting /home/aoi/dev/metaplex-cli/src/lib/uploader/fetchAdvancedStorageProvider.ts (2 ms)
[2026-04-29 20:31:36] [build-stdout] Extracting /home/aoi/dev/metaplex-cli/src/lib/uploader/imageUploader.ts
[2026-04-29 20:31:36] [build-stdout] Done extracting /home/aoi/dev/metaplex-cli/src/lib/uploader/imageUploader.ts (9 ms)
[2026-04-29 20:31:36] [build-stdout] Extracting /home/aoi/dev/metaplex-cli/src/lib/uploader/initStorageProvider.ts
[2026-04-29 20:31:36] [build-stdout] Done extracting /home/aoi/dev/metaplex-cli/src/lib/uploader/initStorageProvider.ts (6 ms)
[2026-04-29 20:31:36] [build-stdout] Extracting /home/aoi/dev/metaplex-cli/src/lib/uploader/resolveImageUri.ts
[2026-04-29 20:31:36] [build-stdout] Done extracting /home/aoi/dev/metaplex-cli/src/lib/uploader/resolveImageUri.ts (9 ms)
[2026-04-29 20:31:36] [build-stdout] Extracting /home/aoi/dev/metaplex-cli/src/lib/uploader/uploadDirectory.ts
[2026-04-29 20:31:36] [build-stdout] Done extracting /home/aoi/dev/metaplex-cli/src/lib/uploader/uploadDirectory.ts (29 ms)
[2026-04-29 20:31:36] [build-stdout] Extracting /home/aoi/dev/metaplex-cli/src/lib/uploader/uploadFile.ts
[2026-04-29 20:31:36] [build-stdout] Done extracting /home/aoi/dev/metaplex-cli/src/lib/uploader/uploadFile.ts (17 ms)
[2026-04-29 20:31:36] [build-stdout] Extracting /home/aoi/dev/metaplex-cli/src/lib/uploader/uploadFiles.ts
[2026-04-29 20:31:36] [build-stdout] Done extracting /home/aoi/dev/metaplex-cli/src/lib/uploader/uploadFiles.ts (25 ms)
[2026-04-29 20:31:36] [build-stdout] Extracting /home/aoi/dev/metaplex-cli/src/lib/uploader/uploadJson.ts
[2026-04-29 20:31:36] [build-stdout] Done extracting /home/aoi/dev/metaplex-cli/src/lib/uploader/uploadJson.ts (6 ms)
[2026-04-29 20:31:36] [build-stdout] Extracting /home/aoi/dev/metaplex-cli/test/commands/agents/agenthelpers.ts
[2026-04-29 20:31:36] [build-stdout] Done extracting /home/aoi/dev/metaplex-cli/test/commands/agents/agenthelpers.ts (40 ms)
[2026-04-29 20:31:36] [build-stdout] Extracting /home/aoi/dev/metaplex-cli/test/commands/agents/agents.executive.test.ts
[2026-04-29 20:31:36] [build-stdout] Done extracting /home/aoi/dev/metaplex-cli/test/commands/agents/agents.executive.test.ts (42 ms)
[2026-04-29 20:31:36] [build-stdout] Extracting /home/aoi/dev/metaplex-cli/test/commands/agents/agents.fetch.test.ts
[2026-04-29 20:31:36] [build-stdout] Done extracting /home/aoi/dev/metaplex-cli/test/commands/agents/agents.fetch.test.ts (28 ms)
[2026-04-29 20:31:36] [build-stdout] Extracting /home/aoi/dev/metaplex-cli/test/commands/agents/agents.register.test.ts
[2026-04-29 20:31:36] [build-stdout] Done extracting /home/aoi/dev/metaplex-cli/test/commands/agents/agents.register.test.ts (43 ms)
[2026-04-29 20:31:36] [build-stdout] Extracting /home/aoi/dev/metaplex-cli/test/commands/agents/agents.revoke.test.ts
[2026-04-29 20:31:36] [build-stdout] Done extracting /home/aoi/dev/metaplex-cli/test/commands/agents/agents.revoke.test.ts (37 ms)
[2026-04-29 20:31:36] [build-stdout] Extracting /home/aoi/dev/metaplex-cli/test/commands/agents/agents.set-agent-token.test.ts
[2026-04-29 20:31:36] [build-stdout] Done extracting /home/aoi/dev/metaplex-cli/test/commands/agents/agents.set-agent-token.test.ts (18 ms)
[2026-04-29 20:31:36] [build-stdout] Extracting /home/aoi/dev/metaplex-cli/test/commands/bg/bg.collection.create.test.ts
[2026-04-29 20:31:36] [build-stdout] Done extracting /home/aoi/dev/metaplex-cli/test/commands/bg/bg.collection.create.test.ts (59 ms)
[2026-04-29 20:31:36] [build-stdout] Extracting /home/aoi/dev/metaplex-cli/test/commands/bg/bg.integration.test.ts
[2026-04-29 20:31:36] [build-stdout] Done extracting /home/aoi/dev/metaplex-cli/test/commands/bg/bg.integration.test.ts (70 ms)
[2026-04-29 20:31:36] [build-stdout] Extracting /home/aoi/dev/metaplex-cli/test/commands/bg/bg.nft.burn.test.ts
[2026-04-29 20:31:36] [build-stdout] Done extracting /home/aoi/dev/metaplex-cli/test/commands/bg/bg.nft.burn.test.ts (41 ms)
[2026-04-29 20:31:36] [build-stdout] Extracting /home/aoi/dev/metaplex-cli/test/commands/bg/bg.nft.create.test.ts
[2026-04-29 20:31:36] [build-stdout] Done extracting /home/aoi/dev/metaplex-cli/test/commands/bg/bg.nft.create.test.ts (58 ms)
[2026-04-29 20:31:36] [build-stdout] Extracting /home/aoi/dev/metaplex-cli/test/commands/bg/bg.nft.transfer.test.ts
[2026-04-29 20:31:36] [build-stdout] Done extracting /home/aoi/dev/metaplex-cli/test/commands/bg/bg.nft.transfer.test.ts (38 ms)
[2026-04-29 20:31:36] [build-stdout] Extracting /home/aoi/dev/metaplex-cli/test/commands/bg/bg.nft.update.test.ts
[2026-04-29 20:31:36] [build-stdout] Done extracting /home/aoi/dev/metaplex-cli/test/commands/bg/bg.nft.update.test.ts (47 ms)
[2026-04-29 20:31:36] [build-stdout] Extracting /home/aoi/dev/metaplex-cli/test/commands/bg/bg.tree.create.test.ts
[2026-04-29 20:31:36] [build-stdout] Done extracting /home/aoi/dev/metaplex-cli/test/commands/bg/bg.tree.create.test.ts (39 ms)
[2026-04-29 20:31:36] [build-stdout] Extracting /home/aoi/dev/metaplex-cli/test/commands/bg/bgcollectionhelpers.ts
[2026-04-29 20:31:36] [build-stdout] Done extracting /home/aoi/dev/metaplex-cli/test/commands/bg/bgcollectionhelpers.ts (20 ms)
[2026-04-29 20:31:36] [build-stdout] Extracting /home/aoi/dev/metaplex-cli/test/commands/bg/bghelpers.ts
[2026-04-29 20:31:36] [build-stdout] Done extracting /home/aoi/dev/metaplex-cli/test/commands/bg/bghelpers.ts (38 ms)
[2026-04-29 20:31:36] [build-stdout] Extracting /home/aoi/dev/metaplex-cli/test/commands/bg/common.ts
[2026-04-29 20:31:36] [build-stdout] Done extracting /home/aoi/dev/metaplex-cli/test/commands/bg/common.ts (8 ms)
[2026-04-29 20:31:36] [build-stdout] Extracting /home/aoi/dev/metaplex-cli/test/commands/cm/cm.create.test.ts
[2026-04-29 20:31:36] [build-stdout] Done extracting /home/aoi/dev/metaplex-cli/test/commands/cm/cm.create.test.ts (67 ms)
[2026-04-29 20:31:36] [build-stdout] Extracting /home/aoi/dev/metaplex-cli/test/commands/cm/cm.full.test.ts
[2026-04-29 20:31:36] [build-stdout] Done extracting /home/aoi/dev/metaplex-cli/test/commands/cm/cm.full.test.ts (23 ms)
[2026-04-29 20:31:36] [build-stdout] Extracting /home/aoi/dev/metaplex-cli/test/commands/cm/cm.guard.test.ts
[2026-04-29 20:31:36] [build-stdout] Done extracting /home/aoi/dev/metaplex-cli/test/commands/cm/cm.guard.test.ts (70 ms)
[2026-04-29 20:31:36] [build-stdout] Extracting /home/aoi/dev/metaplex-cli/test/commands/cm/cm.insert.test.ts
[2026-04-29 20:31:37] [build-stdout] Done extracting /home/aoi/dev/metaplex-cli/test/commands/cm/cm.insert.test.ts (55 ms)
[2026-04-29 20:31:37] [build-stdout] Extracting /home/aoi/dev/metaplex-cli/test/commands/cm/cm.withdraw.test.ts
[2026-04-29 20:31:37] [build-stdout] Done extracting /home/aoi/dev/metaplex-cli/test/commands/cm/cm.withdraw.test.ts (15 ms)
[2026-04-29 20:31:37] [build-stdout] Extracting /home/aoi/dev/metaplex-cli/test/commands/cm/guard-parsing.test.ts
[2026-04-29 20:31:37] [build-stdout] Done extracting /home/aoi/dev/metaplex-cli/test/commands/cm/guard-parsing.test.ts (60 ms)
[2026-04-29 20:31:37] [build-stdout] Extracting /home/aoi/dev/metaplex-cli/test/commands/core/core.asset-signer.test.ts
[2026-04-29 20:31:37] [build-stdout] Done extracting /home/aoi/dev/metaplex-cli/test/commands/core/core.asset-signer.test.ts (67 ms)
[2026-04-29 20:31:37] [build-stdout] Extracting /home/aoi/dev/metaplex-cli/test/commands/core/core.asset.update.collection.test.ts
[2026-04-29 20:31:37] [build-stdout] Done extracting /home/aoi/dev/metaplex-cli/test/commands/core/core.asset.update.collection.test.ts (38 ms)
[2026-04-29 20:31:37] [build-stdout] Extracting /home/aoi/dev/metaplex-cli/test/commands/core/core.burn.test.ts
[2026-04-29 20:31:37] [build-stdout] Done extracting /home/aoi/dev/metaplex-cli/test/commands/core/core.burn.test.ts (16 ms)
[2026-04-29 20:31:37] [build-stdout] Extracting /home/aoi/dev/metaplex-cli/test/commands/core/core.collection.create.test.ts
[2026-04-29 20:31:37] [build-stdout] Done extracting /home/aoi/dev/metaplex-cli/test/commands/core/core.collection.create.test.ts (18 ms)
[2026-04-29 20:31:37] [build-stdout] Extracting /home/aoi/dev/metaplex-cli/test/commands/core/core.create.test.ts
[2026-04-29 20:31:37] [build-stdout] Done extracting /home/aoi/dev/metaplex-cli/test/commands/core/core.create.test.ts (34 ms)
[2026-04-29 20:31:37] [build-stdout] Extracting /home/aoi/dev/metaplex-cli/test/commands/core/core.execute.test.ts
[2026-04-29 20:31:37] [build-stdout] Done extracting /home/aoi/dev/metaplex-cli/test/commands/core/core.execute.test.ts (20 ms)
[2026-04-29 20:31:37] [build-stdout] Extracting /home/aoi/dev/metaplex-cli/test/commands/core/core.plugins.test.ts
[2026-04-29 20:31:37] [build-stdout] Done extracting /home/aoi/dev/metaplex-cli/test/commands/core/core.plugins.test.ts (40 ms)
[2026-04-29 20:31:37] [build-stdout] Extracting /home/aoi/dev/metaplex-cli/test/commands/core/core.prepareJsonMetadata.test.ts
[2026-04-29 20:31:37] [build-stdout] Done extracting /home/aoi/dev/metaplex-cli/test/commands/core/core.prepareJsonMetadata.test.ts (22 ms)
[2026-04-29 20:31:37] [build-stdout] Extracting /home/aoi/dev/metaplex-cli/test/commands/core/core.transfer.test.ts
[2026-04-29 20:31:37] [build-stdout] Done extracting /home/aoi/dev/metaplex-cli/test/commands/core/core.transfer.test.ts (25 ms)
[2026-04-29 20:31:37] [build-stdout] Extracting /home/aoi/dev/metaplex-cli/test/commands/core/corehelpers.ts
[2026-04-29 20:31:37] [build-stdout] Done extracting /home/aoi/dev/metaplex-cli/test/commands/core/corehelpers.ts (33 ms)
[2026-04-29 20:31:37] [build-stdout] Extracting /home/aoi/dev/metaplex-cli/test/commands/distro/distro.create.test.ts
[2026-04-29 20:31:37] [build-stdout] Done extracting /home/aoi/dev/metaplex-cli/test/commands/distro/distro.create.test.ts (57 ms)
[2026-04-29 20:31:37] [build-stdout] Extracting /home/aoi/dev/metaplex-cli/test/commands/distro/distro.deposit.test.ts
[2026-04-29 20:31:37] [build-stdout] Done extracting /home/aoi/dev/metaplex-cli/test/commands/distro/distro.deposit.test.ts (42 ms)
[2026-04-29 20:31:37] [build-stdout] Extracting /home/aoi/dev/metaplex-cli/test/commands/distro/distro.withdraw.test.ts
[2026-04-29 20:31:37] [build-stdout] Done extracting /home/aoi/dev/metaplex-cli/test/commands/distro/distro.withdraw.test.ts (50 ms)
[2026-04-29 20:31:37] [build-stdout] Extracting /home/aoi/dev/metaplex-cli/test/commands/genesis/genesis.create.test.ts
[2026-04-29 20:31:37] [build-stdout] Done extracting /home/aoi/dev/metaplex-cli/test/commands/genesis/genesis.create.test.ts (48 ms)
[2026-04-29 20:31:37] [build-stdout] Extracting /home/aoi/dev/metaplex-cli/test/commands/genesis/genesis.integration.test.ts
[2026-04-29 20:31:37] [build-stdout] Done extracting /home/aoi/dev/metaplex-cli/test/commands/genesis/genesis.integration.test.ts (97 ms)
[2026-04-29 20:31:37] [build-stdout] Extracting /home/aoi/dev/metaplex-cli/test/commands/genesis/genesis.launch.test.ts
[2026-04-29 20:31:37] [build-stdout] Done extracting /home/aoi/dev/metaplex-cli/test/commands/genesis/genesis.launch.test.ts (201 ms)
[2026-04-29 20:31:37] [build-stdout] Extracting /home/aoi/dev/metaplex-cli/test/commands/genesis/genesis.presale.test.ts
[2026-04-29 20:31:37] [build-stdout] Done extracting /home/aoi/dev/metaplex-cli/test/commands/genesis/genesis.presale.test.ts (53 ms)
[2026-04-29 20:31:37] [build-stdout] Extracting /home/aoi/dev/metaplex-cli/test/commands/genesis/genesis.swap.test.ts
[2026-04-29 20:31:38] [build-stdout] Done extracting /home/aoi/dev/metaplex-cli/test/commands/genesis/genesis.swap.test.ts (64 ms)
[2026-04-29 20:31:38] [build-stdout] Extracting /home/aoi/dev/metaplex-cli/test/commands/genesis/genesis.withdraw.test.ts
[2026-04-29 20:31:38] [build-stdout] Done extracting /home/aoi/dev/metaplex-cli/test/commands/genesis/genesis.withdraw.test.ts (39 ms)
[2026-04-29 20:31:38] [build-stdout] Extracting /home/aoi/dev/metaplex-cli/test/commands/genesis/genesishelpers.ts
[2026-04-29 20:31:38] [build-stdout] Done extracting /home/aoi/dev/metaplex-cli/test/commands/genesis/genesishelpers.ts (61 ms)
[2026-04-29 20:31:38] [build-stdout] Extracting /home/aoi/dev/metaplex-cli/test/commands/tm/tm.transfer.test.ts
[2026-04-29 20:31:38] [build-stdout] Done extracting /home/aoi/dev/metaplex-cli/test/commands/tm/tm.transfer.test.ts (22 ms)
[2026-04-29 20:31:38] [build-stdout] Extracting /home/aoi/dev/metaplex-cli/test/commands/tm/tm.update.test.ts
[2026-04-29 20:31:38] [build-stdout] Done extracting /home/aoi/dev/metaplex-cli/test/commands/tm/tm.update.test.ts (30 ms)
[2026-04-29 20:31:38] [build-stdout] Extracting /home/aoi/dev/metaplex-cli/test/commands/tm/tmhelpers.ts
[2026-04-29 20:31:38] [build-stdout] Done extracting /home/aoi/dev/metaplex-cli/test/commands/tm/tmhelpers.ts (17 ms)
[2026-04-29 20:31:38] [build-stdout] Extracting /home/aoi/dev/metaplex-cli/test/commands/toolbox/sol.balance.test.ts
[2026-04-29 20:31:38] [build-stdout] Done extracting /home/aoi/dev/metaplex-cli/test/commands/toolbox/sol.balance.test.ts (17 ms)
[2026-04-29 20:31:38] [build-stdout] Extracting /home/aoi/dev/metaplex-cli/test/commands/toolbox/sol.unwrap.test.ts
[2026-04-29 20:31:38] [build-stdout] Done extracting /home/aoi/dev/metaplex-cli/test/commands/toolbox/sol.unwrap.test.ts (29 ms)
[2026-04-29 20:31:38] [build-stdout] Extracting /home/aoi/dev/metaplex-cli/test/commands/toolbox/sol.wrap.test.ts
[2026-04-29 20:31:38] [build-stdout] Done extracting /home/aoi/dev/metaplex-cli/test/commands/toolbox/sol.wrap.test.ts (25 ms)
[2026-04-29 20:31:38] [build-stdout] Extracting /home/aoi/dev/metaplex-cli/test/commands/toolbox/token.create.test.ts
[2026-04-29 20:31:38] [build-stdout] Done extracting /home/aoi/dev/metaplex-cli/test/commands/toolbox/token.create.test.ts (14 ms)
[2026-04-29 20:31:38] [build-stdout] Extracting /home/aoi/dev/metaplex-cli/test/commands/toolbox/token.mint.test.ts
[2026-04-29 20:31:38] [build-stdout] Done extracting /home/aoi/dev/metaplex-cli/test/commands/toolbox/token.mint.test.ts (57 ms)
[2026-04-29 20:31:38] [build-stdout] Extracting /home/aoi/dev/metaplex-cli/test/commands/toolbox/toolbox.transaction.test.ts
[2026-04-29 20:31:38] [build-stdout] Done extracting /home/aoi/dev/metaplex-cli/test/commands/toolbox/toolbox.transaction.test.ts (21 ms)
[2026-04-29 20:31:38] [build-stdout] Extracting /home/aoi/dev/metaplex-cli/src/lib/Context.ts
[2026-04-29 20:31:38] [build-stdout] Done extracting /home/aoi/dev/metaplex-cli/src/lib/Context.ts (64 ms)
[2026-04-29 20:31:38] [build-stdout] Extracting /home/aoi/dev/metaplex-cli/src/lib/FileSigner.ts
[2026-04-29 20:31:38] [build-stdout] Done extracting /home/aoi/dev/metaplex-cli/src/lib/FileSigner.ts (6 ms)
[2026-04-29 20:31:38] [build-stdout] Extracting /home/aoi/dev/metaplex-cli/src/lib/LedgerSigner.ts
[2026-04-29 20:31:38] [build-stdout] Done extracting /home/aoi/dev/metaplex-cli/src/lib/LedgerSigner.ts (19 ms)
[2026-04-29 20:31:38] [build-stdout] Extracting /home/aoi/dev/metaplex-cli/src/lib/StandardColors.ts
[2026-04-29 20:31:38] [build-stdout] Done extracting /home/aoi/dev/metaplex-cli/src/lib/StandardColors.ts (8 ms)
[2026-04-29 20:31:38] [build-stdout] Extracting /home/aoi/dev/metaplex-cli/src/lib/file.ts
[2026-04-29 20:31:38] [build-stdout] Done extracting /home/aoi/dev/metaplex-cli/src/lib/file.ts (7 ms)
[2026-04-29 20:31:38] [build-stdout] Extracting /home/aoi/dev/metaplex-cli/src/lib/genesis.ts
[2026-04-29 20:31:38] [build-stdout] Done extracting /home/aoi/dev/metaplex-cli/src/lib/genesis.ts (11 ms)
[2026-04-29 20:31:38] [build-stdout] Extracting /home/aoi/dev/metaplex-cli/src/lib/treeStorage.ts
[2026-04-29 20:31:38] [build-stdout] Done extracting /home/aoi/dev/metaplex-cli/src/lib/treeStorage.ts (47 ms)
[2026-04-29 20:31:38] [build-stdout] Extracting /home/aoi/dev/metaplex-cli/src/lib/util.ts
[2026-04-29 20:31:38] [build-stdout] Done extracting /home/aoi/dev/metaplex-cli/src/lib/util.ts (33 ms)
[2026-04-29 20:31:38] [build-stdout] Extracting /home/aoi/dev/metaplex-cli/src/lib/validations.ts
[2026-04-29 20:31:38] [build-stdout] Done extracting /home/aoi/dev/metaplex-cli/src/lib/validations.ts (7 ms)
[2026-04-29 20:31:38] [build-stdout] Extracting /home/aoi/dev/metaplex-cli/src/prompts/agentDocumentPrompt.ts
[2026-04-29 20:31:38] [build-stdout] Done extracting /home/aoi/dev/metaplex-cli/src/prompts/agentDocumentPrompt.ts (55 ms)
[2026-04-29 20:31:38] [build-stdout] Extracting /home/aoi/dev/metaplex-cli/src/prompts/booleanPrompt.ts
[2026-04-29 20:31:38] [build-stdout] Done extracting /home/aoi/dev/metaplex-cli/src/prompts/booleanPrompt.ts (5 ms)
[2026-04-29 20:31:38] [build-stdout] Extracting /home/aoi/dev/metaplex-cli/src/prompts/createAssetPrompt.ts
[2026-04-29 20:31:38] [build-stdout] Done extracting /home/aoi/dev/metaplex-cli/src/prompts/createAssetPrompt.ts (50 ms)
[2026-04-29 20:31:38] [build-stdout] Extracting /home/aoi/dev/metaplex-cli/src/prompts/createBubblegumMetadataPrompt.ts
[2026-04-29 20:31:38] [build-stdout] Done extracting /home/aoi/dev/metaplex-cli/src/prompts/createBubblegumMetadataPrompt.ts (50 ms)
[2026-04-29 20:31:38] [build-stdout] Extracting /home/aoi/dev/metaplex-cli/src/prompts/createTokenMetadataPrompt.ts
[2026-04-29 20:31:38] [build-stdout] Done extracting /home/aoi/dev/metaplex-cli/src/prompts/createTokenMetadataPrompt.ts (44 ms)
[2026-04-29 20:31:38] [build-stdout] Extracting /home/aoi/dev/metaplex-cli/src/prompts/createTokenPrompt.ts
[2026-04-29 20:31:38] [build-stdout] Done extracting /home/aoi/dev/metaplex-cli/src/prompts/createTokenPrompt.ts (18 ms)
[2026-04-29 20:31:38] [build-stdout] Extracting /home/aoi/dev/metaplex-cli/src/prompts/explorerSelectorPrompt.ts
[2026-04-29 20:31:38] [build-stdout] Done extracting /home/aoi/dev/metaplex-cli/src/prompts/explorerSelectorPrompt.ts (6 ms)
[2026-04-29 20:31:38] [build-stdout] Extracting /home/aoi/dev/metaplex-cli/src/prompts/pluginInquirer.ts
[2026-04-29 20:31:38] [build-stdout] Done extracting /home/aoi/dev/metaplex-cli/src/prompts/pluginInquirer.ts (125 ms)
[2026-04-29 20:31:38] [build-stdout] Extracting /home/aoi/dev/metaplex-cli/src/prompts/pluginSelector.ts
[2026-04-29 20:31:38] [build-stdout] Done extracting /home/aoi/dev/metaplex-cli/src/prompts/pluginSelector.ts (45 ms)
[2026-04-29 20:31:38] [build-stdout] Extracting /home/aoi/dev/metaplex-cli/src/prompts/promptSelector.ts
[2026-04-29 20:31:39] [build-stdout] Done extracting /home/aoi/dev/metaplex-cli/src/prompts/promptSelector.ts (40 ms)
[2026-04-29 20:31:39] [build-stdout] Extracting /home/aoi/dev/metaplex-cli/src/prompts/rpcSelectorPrompt.ts
[2026-04-29 20:31:39] [build-stdout] Done extracting /home/aoi/dev/metaplex-cli/src/prompts/rpcSelectorPrompt.ts (6 ms)
[2026-04-29 20:31:39] [build-stdout] Extracting /home/aoi/dev/metaplex-cli/src/prompts/selectTreePrompt.ts
[2026-04-29 20:31:39] [build-stdout] Done extracting /home/aoi/dev/metaplex-cli/src/prompts/selectTreePrompt.ts (34 ms)
[2026-04-29 20:31:39] [build-stdout] Extracting /home/aoi/dev/metaplex-cli/src/prompts/walletSelectPrompt.ts
[2026-04-29 20:31:39] [build-stdout] Done extracting /home/aoi/dev/metaplex-cli/src/prompts/walletSelectPrompt.ts (7 ms)
[2026-04-29 20:31:39] [build-stdout] Extracting /home/aoi/dev/metaplex-cli/test/lib/deserializeInstruction.test.ts
[2026-04-29 20:31:39] [build-stdout] Done extracting /home/aoi/dev/metaplex-cli/test/lib/deserializeInstruction.test.ts (46 ms)
[2026-04-29 20:31:39] [build-stdout] Extracting /home/aoi/dev/metaplex-cli/src/BaseCommand.ts
[2026-04-29 20:31:39] [build-stdout] Done extracting /home/aoi/dev/metaplex-cli/src/BaseCommand.ts (35 ms)
[2026-04-29 20:31:39] [build-stdout] Extracting /home/aoi/dev/metaplex-cli/src/TransactionCommand.ts
[2026-04-29 20:31:39] [build-stdout] Done extracting /home/aoi/dev/metaplex-cli/src/TransactionCommand.ts (36 ms)
[2026-04-29 20:31:39] [build-stdout] Extracting /home/aoi/dev/metaplex-cli/src/constants.ts
[2026-04-29 20:31:39] [build-stdout] Done extracting /home/aoi/dev/metaplex-cli/src/constants.ts (4 ms)
[2026-04-29 20:31:39] [build-stdout] Extracting /home/aoi/dev/metaplex-cli/src/explorers.ts
[2026-04-29 20:31:39] [build-stdout] Done extracting /home/aoi/dev/metaplex-cli/src/explorers.ts (20 ms)
[2026-04-29 20:31:39] [build-stdout] Extracting /home/aoi/dev/metaplex-cli/src/index.ts
[2026-04-29 20:31:39] [build-stdout] Done extracting /home/aoi/dev/metaplex-cli/src/index.ts (3 ms)
[2026-04-29 20:31:39] [build-stdout] Extracting /home/aoi/dev/metaplex-cli/test/runCli.ts
[2026-04-29 20:31:39] [build-stdout] Done extracting /home/aoi/dev/metaplex-cli/test/runCli.ts (26 ms)
[2026-04-29 20:31:39] [build-stdout] Extracting /home/aoi/dev/metaplex-cli/test/utils.ts
[2026-04-29 20:31:39] [build-stdout] Done extracting /home/aoi/dev/metaplex-cli/test/utils.ts (15 ms)
[2026-04-29 20:31:39] [build-stdout] Extracting /home/aoi/dev/metaplex-cli/.github/workflows/onPushToMain.yml
[2026-04-29 20:31:39] [build-stdout] Done extracting /home/aoi/dev/metaplex-cli/.github/workflows/onPushToMain.yml (82 ms)
[2026-04-29 20:31:39] [build-stdout] Extracting /home/aoi/dev/metaplex-cli/.github/workflows/onRelease.yml
[2026-04-29 20:31:39] [build-stdout] Done extracting /home/aoi/dev/metaplex-cli/.github/workflows/onRelease.yml (13 ms)
[2026-04-29 20:31:39] [build-stdout] Extracting /home/aoi/dev/metaplex-cli/.github/workflows/test.yml
[2026-04-29 20:31:39] [build-stdout] Done extracting /home/aoi/dev/metaplex-cli/.github/workflows/test.yml (24 ms)
[2026-04-29 20:31:39] [build-stdout] Extracting /home/aoi/dev/metaplex-cli/.github/dependabot.yml
[2026-04-29 20:31:39] [build-stdout] Done extracting /home/aoi/dev/metaplex-cli/.github/dependabot.yml (5 ms)
[2026-04-29 20:31:39] [build-stdout] Extracting /home/aoi/dev/metaplex-cli/bin/dev.js
[2026-04-29 20:31:39] [build-stdout] Done extracting /home/aoi/dev/metaplex-cli/bin/dev.js (34 ms)
[2026-04-29 20:31:39] [build-stdout] Extracting /home/aoi/dev/metaplex-cli/bin/run.js
[2026-04-29 20:31:39] [build-stdout] Done extracting /home/aoi/dev/metaplex-cli/bin/run.js (4 ms)
[2026-04-29 20:31:39] [build-stdout] Extracting /home/aoi/dev/metaplex-cli/scripts/createTestCandyMachineDirectory.js
[2026-04-29 20:31:39] [build-stdout] Done extracting /home/aoi/dev/metaplex-cli/scripts/createTestCandyMachineDirectory.js (87 ms)
[2026-04-29 20:31:39] [build-stdout] Extracting /home/aoi/dev/metaplex-cli/test/tsconfig.json
[2026-04-29 20:31:39] [build-stdout] Done extracting /home/aoi/dev/metaplex-cli/test/tsconfig.json (5 ms)
[2026-04-29 20:31:39] [build-stdout] Extracting /home/aoi/dev/metaplex-cli/.eslintrc.json
[2026-04-29 20:31:39] [build-stdout] Done extracting /home/aoi/dev/metaplex-cli/.eslintrc.json (1 ms)
[2026-04-29 20:31:39] [build-stdout] Extracting /home/aoi/dev/metaplex-cli/.oclifrc.cjs
[2026-04-29 20:31:39] [build-stdout] Done extracting /home/aoi/dev/metaplex-cli/.oclifrc.cjs (3 ms)
[2026-04-29 20:31:39] [build-stdout] Extracting /home/aoi/dev/metaplex-cli/.validator.cjs
[2026-04-29 20:31:39] [build-stdout] Done extracting /home/aoi/dev/metaplex-cli/.validator.cjs (18 ms)
[2026-04-29 20:31:39] [build-stdout] Extracting /home/aoi/dev/metaplex-cli/eslint.config.js
[2026-04-29 20:31:39] [build-stdout] Done extracting /home/aoi/dev/metaplex-cli/eslint.config.js (4 ms)
[2026-04-29 20:31:39] [build-stdout] Extracting /home/aoi/dev/metaplex-cli/oclif.manifest.json.js
[2026-04-29 20:31:39] [build-stdout] Done extracting /home/aoi/dev/metaplex-cli/oclif.manifest.json.js (5 ms)
[2026-04-29 20:31:39] [build-stdout] Extracting /home/aoi/dev/metaplex-cli/package.json
[2026-04-29 20:31:39] [build-stdout] Done extracting /home/aoi/dev/metaplex-cli/package.json (6 ms)
[2026-04-29 20:31:39] [build-stdout] Extracting /home/aoi/dev/metaplex-cli/pnpm-lock.yaml
[2026-04-29 20:31:40] [build-stdout] Done extracting /home/aoi/dev/metaplex-cli/pnpm-lock.yaml (820 ms)
[2026-04-29 20:31:40] [build-stdout] Extracting /home/aoi/dev/metaplex-cli/tsconfig.build.json
[2026-04-29 20:31:40] [build-stdout] Done extracting /home/aoi/dev/metaplex-cli/tsconfig.build.json (2 ms)
[2026-04-29 20:31:40] [build-stdout] Extracting /home/aoi/dev/metaplex-cli/tsconfig.json
[2026-04-29 20:31:40] [build-stdout] Done extracting /home/aoi/dev/metaplex-cli/tsconfig.json (1 ms)
[2026-04-29 20:31:40] [build-stderr] No externs trap cache found
[2026-04-29 20:31:40] [build-stdout] Extracting /nix/store/rpgkh3m25bjs70l3d9w5x5psrbx216ih-codeql-2.25.2/codeql/javascript/tools/data/externs/nodejs/crypto.js
[2026-04-29 20:31:40] [build-stdout] Done extracting /nix/store/rpgkh3m25bjs70l3d9w5x5psrbx216ih-codeql-2.25.2/codeql/javascript/tools/data/externs/nodejs/crypto.js (177 ms)
[2026-04-29 20:31:40] [build-stdout] Extracting /nix/store/rpgkh3m25bjs70l3d9w5x5psrbx216ih-codeql-2.25.2/codeql/javascript/tools/data/externs/nodejs/assert.js
[2026-04-29 20:31:40] [build-stdout] Done extracting /nix/store/rpgkh3m25bjs70l3d9w5x5psrbx216ih-codeql-2.25.2/codeql/javascript/tools/data/externs/nodejs/assert.js (24 ms)
[2026-04-29 20:31:40] [build-stdout] Extracting /nix/store/rpgkh3m25bjs70l3d9w5x5psrbx216ih-codeql-2.25.2/codeql/javascript/tools/data/externs/nodejs/constants.js
[2026-04-29 20:31:40] [build-stdout] Done extracting /nix/store/rpgkh3m25bjs70l3d9w5x5psrbx216ih-codeql-2.25.2/codeql/javascript/tools/data/externs/nodejs/constants.js (208 ms)
[2026-04-29 20:31:40] [build-stdout] Extracting /nix/store/rpgkh3m25bjs70l3d9w5x5psrbx216ih-codeql-2.25.2/codeql/javascript/tools/data/externs/nodejs/fs.js
[2026-04-29 20:31:41] [build-stdout] Done extracting /nix/store/rpgkh3m25bjs70l3d9w5x5psrbx216ih-codeql-2.25.2/codeql/javascript/tools/data/externs/nodejs/fs.js (281 ms)
[2026-04-29 20:31:41] [build-stdout] Extracting /nix/store/rpgkh3m25bjs70l3d9w5x5psrbx216ih-codeql-2.25.2/codeql/javascript/tools/data/externs/nodejs/dns.js
[2026-04-29 20:31:41] [build-stdout] Done extracting /nix/store/rpgkh3m25bjs70l3d9w5x5psrbx216ih-codeql-2.25.2/codeql/javascript/tools/data/externs/nodejs/dns.js (42 ms)
[2026-04-29 20:31:41] [build-stdout] Extracting /nix/store/rpgkh3m25bjs70l3d9w5x5psrbx216ih-codeql-2.25.2/codeql/javascript/tools/data/externs/nodejs/os.js
[2026-04-29 20:31:41] [build-stdout] Done extracting /nix/store/rpgkh3m25bjs70l3d9w5x5psrbx216ih-codeql-2.25.2/codeql/javascript/tools/data/externs/nodejs/os.js (45 ms)
[2026-04-29 20:31:41] [build-stdout] Extracting /nix/store/rpgkh3m25bjs70l3d9w5x5psrbx216ih-codeql-2.25.2/codeql/javascript/tools/data/externs/nodejs/vm.js
[2026-04-29 20:31:41] [build-stdout] Done extracting /nix/store/rpgkh3m25bjs70l3d9w5x5psrbx216ih-codeql-2.25.2/codeql/javascript/tools/data/externs/nodejs/vm.js (31 ms)
[2026-04-29 20:31:41] [build-stdout] Extracting /nix/store/rpgkh3m25bjs70l3d9w5x5psrbx216ih-codeql-2.25.2/codeql/javascript/tools/data/externs/nodejs/util.js
[2026-04-29 20:31:41] [build-stdout] Done extracting /nix/store/rpgkh3m25bjs70l3d9w5x5psrbx216ih-codeql-2.25.2/codeql/javascript/tools/data/externs/nodejs/util.js (49 ms)
[2026-04-29 20:31:41] [build-stdout] Extracting /nix/store/rpgkh3m25bjs70l3d9w5x5psrbx216ih-codeql-2.25.2/codeql/javascript/tools/data/externs/nodejs/querystring.js
[2026-04-29 20:31:41] [build-stdout] Done extracting /nix/store/rpgkh3m25bjs70l3d9w5x5psrbx216ih-codeql-2.25.2/codeql/javascript/tools/data/externs/nodejs/querystring.js (25 ms)
[2026-04-29 20:31:41] [build-stdout] Extracting /nix/store/rpgkh3m25bjs70l3d9w5x5psrbx216ih-codeql-2.25.2/codeql/javascript/tools/data/externs/nodejs/string_decoder.js
[2026-04-29 20:31:41] [build-stdout] Done extracting /nix/store/rpgkh3m25bjs70l3d9w5x5psrbx216ih-codeql-2.25.2/codeql/javascript/tools/data/externs/nodejs/string_decoder.js (12 ms)
[2026-04-29 20:31:41] [build-stdout] Extracting /nix/store/rpgkh3m25bjs70l3d9w5x5psrbx216ih-codeql-2.25.2/codeql/javascript/tools/data/externs/nodejs/zlib.js
[2026-04-29 20:31:41] [build-stdout] Done extracting /nix/store/rpgkh3m25bjs70l3d9w5x5psrbx216ih-codeql-2.25.2/codeql/javascript/tools/data/externs/nodejs/zlib.js (85 ms)
[2026-04-29 20:31:41] [build-stdout] Extracting /nix/store/rpgkh3m25bjs70l3d9w5x5psrbx216ih-codeql-2.25.2/codeql/javascript/tools/data/externs/nodejs/url.js
[2026-04-29 20:31:41] [build-stdout] Done extracting /nix/store/rpgkh3m25bjs70l3d9w5x5psrbx216ih-codeql-2.25.2/codeql/javascript/tools/data/externs/nodejs/url.js (18 ms)
[2026-04-29 20:31:41] [build-stdout] Extracting /nix/store/rpgkh3m25bjs70l3d9w5x5psrbx216ih-codeql-2.25.2/codeql/javascript/tools/data/externs/nodejs/events.js
[2026-04-29 20:31:41] [build-stdout] Done extracting /nix/store/rpgkh3m25bjs70l3d9w5x5psrbx216ih-codeql-2.25.2/codeql/javascript/tools/data/externs/nodejs/events.js (26 ms)
[2026-04-29 20:31:41] [build-stdout] Extracting /nix/store/rpgkh3m25bjs70l3d9w5x5psrbx216ih-codeql-2.25.2/codeql/javascript/tools/data/externs/nodejs/sys.js
[2026-04-29 20:31:41] [build-stdout] Done extracting /nix/store/rpgkh3m25bjs70l3d9w5x5psrbx216ih-codeql-2.25.2/codeql/javascript/tools/data/externs/nodejs/sys.js (6 ms)
[2026-04-29 20:31:41] [build-stdout] Extracting /nix/store/rpgkh3m25bjs70l3d9w5x5psrbx216ih-codeql-2.25.2/codeql/javascript/tools/data/externs/nodejs/dgram.js
[2026-04-29 20:31:41] [build-stdout] Done extracting /nix/store/rpgkh3m25bjs70l3d9w5x5psrbx216ih-codeql-2.25.2/codeql/javascript/tools/data/externs/nodejs/dgram.js (42 ms)
[2026-04-29 20:31:41] [build-stdout] Extracting /nix/store/rpgkh3m25bjs70l3d9w5x5psrbx216ih-codeql-2.25.2/codeql/javascript/tools/data/externs/nodejs/process.js
[2026-04-29 20:31:41] [build-stdout] Done extracting /nix/store/rpgkh3m25bjs70l3d9w5x5psrbx216ih-codeql-2.25.2/codeql/javascript/tools/data/externs/nodejs/process.js (4 ms)
[2026-04-29 20:31:41] [build-stdout] Extracting /nix/store/rpgkh3m25bjs70l3d9w5x5psrbx216ih-codeql-2.25.2/codeql/javascript/tools/data/externs/nodejs/https.js
[2026-04-29 20:31:41] [build-stdout] Done extracting /nix/store/rpgkh3m25bjs70l3d9w5x5psrbx216ih-codeql-2.25.2/codeql/javascript/tools/data/externs/nodejs/https.js (45 ms)
[2026-04-29 20:31:41] [build-stdout] Extracting /nix/store/rpgkh3m25bjs70l3d9w5x5psrbx216ih-codeql-2.25.2/codeql/javascript/tools/data/externs/nodejs/module.js
[2026-04-29 20:31:41] [build-stdout] Done extracting /nix/store/rpgkh3m25bjs70l3d9w5x5psrbx216ih-codeql-2.25.2/codeql/javascript/tools/data/externs/nodejs/module.js (17 ms)
[2026-04-29 20:31:41] [build-stdout] Extracting /nix/store/rpgkh3m25bjs70l3d9w5x5psrbx216ih-codeql-2.25.2/codeql/javascript/tools/data/externs/nodejs/tty.js
[2026-04-29 20:31:41] [build-stdout] Done extracting /nix/store/rpgkh3m25bjs70l3d9w5x5psrbx216ih-codeql-2.25.2/codeql/javascript/tools/data/externs/nodejs/tty.js (21 ms)
[2026-04-29 20:31:41] [build-stdout] Extracting /nix/store/rpgkh3m25bjs70l3d9w5x5psrbx216ih-codeql-2.25.2/codeql/javascript/tools/data/externs/nodejs/globals.js
[2026-04-29 20:31:41] [build-stdout] Done extracting /nix/store/rpgkh3m25bjs70l3d9w5x5psrbx216ih-codeql-2.25.2/codeql/javascript/tools/data/externs/nodejs/globals.js (266 ms)
[2026-04-29 20:31:41] [build-stdout] Extracting /nix/store/rpgkh3m25bjs70l3d9w5x5psrbx216ih-codeql-2.25.2/codeql/javascript/tools/data/externs/nodejs/assert_legacy.js
[2026-04-29 20:31:41] [build-stdout] Done extracting /nix/store/rpgkh3m25bjs70l3d9w5x5psrbx216ih-codeql-2.25.2/codeql/javascript/tools/data/externs/nodejs/assert_legacy.js (4 ms)
[2026-04-29 20:31:41] [build-stdout] Extracting /nix/store/rpgkh3m25bjs70l3d9w5x5psrbx216ih-codeql-2.25.2/codeql/javascript/tools/data/externs/nodejs/timers.js
[2026-04-29 20:31:41] [build-stdout] Done extracting /nix/store/rpgkh3m25bjs70l3d9w5x5psrbx216ih-codeql-2.25.2/codeql/javascript/tools/data/externs/nodejs/timers.js (16 ms)
[2026-04-29 20:31:41] [build-stdout] Extracting /nix/store/rpgkh3m25bjs70l3d9w5x5psrbx216ih-codeql-2.25.2/codeql/javascript/tools/data/externs/nodejs/v8.js
[2026-04-29 20:31:41] [build-stdout] Done extracting /nix/store/rpgkh3m25bjs70l3d9w5x5psrbx216ih-codeql-2.25.2/codeql/javascript/tools/data/externs/nodejs/v8.js (9 ms)
[2026-04-29 20:31:41] [build-stdout] Extracting /nix/store/rpgkh3m25bjs70l3d9w5x5psrbx216ih-codeql-2.25.2/codeql/javascript/tools/data/externs/nodejs/console.js
[2026-04-29 20:31:41] [build-stdout] Done extracting /nix/store/rpgkh3m25bjs70l3d9w5x5psrbx216ih-codeql-2.25.2/codeql/javascript/tools/data/externs/nodejs/console.js (4 ms)
[2026-04-29 20:31:41] [build-stdout] Extracting /nix/store/rpgkh3m25bjs70l3d9w5x5psrbx216ih-codeql-2.25.2/codeql/javascript/tools/data/externs/nodejs/net.js
[2026-04-29 20:31:41] [build-stdout] Done extracting /nix/store/rpgkh3m25bjs70l3d9w5x5psrbx216ih-codeql-2.25.2/codeql/javascript/tools/data/externs/nodejs/net.js (65 ms)
[2026-04-29 20:31:41] [build-stdout] Extracting /nix/store/rpgkh3m25bjs70l3d9w5x5psrbx216ih-codeql-2.25.2/codeql/javascript/tools/data/externs/nodejs/path.js
[2026-04-29 20:31:41] [build-stdout] Done extracting /nix/store/rpgkh3m25bjs70l3d9w5x5psrbx216ih-codeql-2.25.2/codeql/javascript/tools/data/externs/nodejs/path.js (42 ms)
[2026-04-29 20:31:41] [build-stdout] Extracting /nix/store/rpgkh3m25bjs70l3d9w5x5psrbx216ih-codeql-2.25.2/codeql/javascript/tools/data/externs/nodejs/punycode.js
[2026-04-29 20:31:41] [build-stdout] Done extracting /nix/store/rpgkh3m25bjs70l3d9w5x5psrbx216ih-codeql-2.25.2/codeql/javascript/tools/data/externs/nodejs/punycode.js (10 ms)
[2026-04-29 20:31:41] [build-stdout] Extracting /nix/store/rpgkh3m25bjs70l3d9w5x5psrbx216ih-codeql-2.25.2/codeql/javascript/tools/data/externs/nodejs/child_process.js
[2026-04-29 20:31:42] [build-stdout] Done extracting /nix/store/rpgkh3m25bjs70l3d9w5x5psrbx216ih-codeql-2.25.2/codeql/javascript/tools/data/externs/nodejs/child_process.js (116 ms)
[2026-04-29 20:31:42] [build-stdout] Extracting /nix/store/rpgkh3m25bjs70l3d9w5x5psrbx216ih-codeql-2.25.2/codeql/javascript/tools/data/externs/nodejs/http.js
[2026-04-29 20:31:42] [build-stdout] Done extracting /nix/store/rpgkh3m25bjs70l3d9w5x5psrbx216ih-codeql-2.25.2/codeql/javascript/tools/data/externs/nodejs/http.js (84 ms)
[2026-04-29 20:31:42] [build-stdout] Extracting /nix/store/rpgkh3m25bjs70l3d9w5x5psrbx216ih-codeql-2.25.2/codeql/javascript/tools/data/externs/nodejs/tls.js
[2026-04-29 20:31:42] [build-stdout] Done extracting /nix/store/rpgkh3m25bjs70l3d9w5x5psrbx216ih-codeql-2.25.2/codeql/javascript/tools/data/externs/nodejs/tls.js (67 ms)
[2026-04-29 20:31:42] [build-stdout] Extracting /nix/store/rpgkh3m25bjs70l3d9w5x5psrbx216ih-codeql-2.25.2/codeql/javascript/tools/data/externs/nodejs/cluster.js
[2026-04-29 20:31:42] [build-stdout] Done extracting /nix/store/rpgkh3m25bjs70l3d9w5x5psrbx216ih-codeql-2.25.2/codeql/javascript/tools/data/externs/nodejs/cluster.js (128 ms)
[2026-04-29 20:31:42] [build-stdout] Extracting /nix/store/rpgkh3m25bjs70l3d9w5x5psrbx216ih-codeql-2.25.2/codeql/javascript/tools/data/externs/nodejs/domain.js
[2026-04-29 20:31:42] [build-stdout] Done extracting /nix/store/rpgkh3m25bjs70l3d9w5x5psrbx216ih-codeql-2.25.2/codeql/javascript/tools/data/externs/nodejs/domain.js (12 ms)
[2026-04-29 20:31:42] [build-stdout] Extracting /nix/store/rpgkh3m25bjs70l3d9w5x5psrbx216ih-codeql-2.25.2/codeql/javascript/tools/data/externs/nodejs/readline.js
[2026-04-29 20:31:42] [build-stdout] Done extracting /nix/store/rpgkh3m25bjs70l3d9w5x5psrbx216ih-codeql-2.25.2/codeql/javascript/tools/data/externs/nodejs/readline.js (27 ms)
[2026-04-29 20:31:42] [build-stdout] Extracting /nix/store/rpgkh3m25bjs70l3d9w5x5psrbx216ih-codeql-2.25.2/codeql/javascript/tools/data/externs/nodejs/stream.js
[2026-04-29 20:31:42] [build-stdout] Done extracting /nix/store/rpgkh3m25bjs70l3d9w5x5psrbx216ih-codeql-2.25.2/codeql/javascript/tools/data/externs/nodejs/stream.js (95 ms)
[2026-04-29 20:31:42] [build-stdout] Extracting /nix/store/rpgkh3m25bjs70l3d9w5x5psrbx216ih-codeql-2.25.2/codeql/javascript/tools/data/externs/nodejs/repl.js
[2026-04-29 20:31:42] [build-stdout] Done extracting /nix/store/rpgkh3m25bjs70l3d9w5x5psrbx216ih-codeql-2.25.2/codeql/javascript/tools/data/externs/nodejs/repl.js (11 ms)
[2026-04-29 20:31:42] [build-stdout] Extracting /nix/store/rpgkh3m25bjs70l3d9w5x5psrbx216ih-codeql-2.25.2/codeql/javascript/tools/data/externs/nodejs/buffer.js
[2026-04-29 20:31:42] [build-stdout] Done extracting /nix/store/rpgkh3m25bjs70l3d9w5x5psrbx216ih-codeql-2.25.2/codeql/javascript/tools/data/externs/nodejs/buffer.js (13 ms)
[2026-04-29 20:31:42] [build-stdout] Extracting /nix/store/rpgkh3m25bjs70l3d9w5x5psrbx216ih-codeql-2.25.2/codeql/javascript/tools/data/externs/vm/v8.js
[2026-04-29 20:31:42] [build-stdout] Done extracting /nix/store/rpgkh3m25bjs70l3d9w5x5psrbx216ih-codeql-2.25.2/codeql/javascript/tools/data/externs/vm/v8.js (11 ms)
[2026-04-29 20:31:42] [build-stdout] Extracting /nix/store/rpgkh3m25bjs70l3d9w5x5psrbx216ih-codeql-2.25.2/codeql/javascript/tools/data/externs/vm/jsshell.js
[2026-04-29 20:31:42] [build-stdout] Done extracting /nix/store/rpgkh3m25bjs70l3d9w5x5psrbx216ih-codeql-2.25.2/codeql/javascript/tools/data/externs/vm/jsshell.js (60 ms)
[2026-04-29 20:31:42] [build-stdout] Extracting /nix/store/rpgkh3m25bjs70l3d9w5x5psrbx216ih-codeql-2.25.2/codeql/javascript/tools/data/externs/vm/spidermonkey.js
[2026-04-29 20:31:42] [build-stdout] Done extracting /nix/store/rpgkh3m25bjs70l3d9w5x5psrbx216ih-codeql-2.25.2/codeql/javascript/tools/data/externs/vm/spidermonkey.js (3 ms)
[2026-04-29 20:31:42] [build-stdout] Extracting /nix/store/rpgkh3m25bjs70l3d9w5x5psrbx216ih-codeql-2.25.2/codeql/javascript/tools/data/externs/vm/rhino.js
[2026-04-29 20:31:42] [build-stdout] Done extracting /nix/store/rpgkh3m25bjs70l3d9w5x5psrbx216ih-codeql-2.25.2/codeql/javascript/tools/data/externs/vm/rhino.js (7 ms)
[2026-04-29 20:31:42] [build-stdout] Extracting /nix/store/rpgkh3m25bjs70l3d9w5x5psrbx216ih-codeql-2.25.2/codeql/javascript/tools/data/externs/es/es2016.js
[2026-04-29 20:31:42] [build-stdout] Done extracting /nix/store/rpgkh3m25bjs70l3d9w5x5psrbx216ih-codeql-2.25.2/codeql/javascript/tools/data/externs/es/es2016.js (3 ms)
[2026-04-29 20:31:42] [build-stdout] Extracting /nix/store/rpgkh3m25bjs70l3d9w5x5psrbx216ih-codeql-2.25.2/codeql/javascript/tools/data/externs/es/proxy.js
[2026-04-29 20:31:42] [build-stdout] Done extracting /nix/store/rpgkh3m25bjs70l3d9w5x5psrbx216ih-codeql-2.25.2/codeql/javascript/tools/data/externs/es/proxy.js (3 ms)
[2026-04-29 20:31:42] [build-stdout] Extracting /nix/store/rpgkh3m25bjs70l3d9w5x5psrbx216ih-codeql-2.25.2/codeql/javascript/tools/data/externs/es/es6.js
[2026-04-29 20:31:42] [build-stdout] Done extracting /nix/store/rpgkh3m25bjs70l3d9w5x5psrbx216ih-codeql-2.25.2/codeql/javascript/tools/data/externs/es/es6.js (171 ms)
[2026-04-29 20:31:42] [build-stdout] Extracting /nix/store/rpgkh3m25bjs70l3d9w5x5psrbx216ih-codeql-2.25.2/codeql/javascript/tools/data/externs/es/es2017.js
[2026-04-29 20:31:42] [build-stdout] Done extracting /nix/store/rpgkh3m25bjs70l3d9w5x5psrbx216ih-codeql-2.25.2/codeql/javascript/tools/data/externs/es/es2017.js (5 ms)
[2026-04-29 20:31:42] [build-stdout] Extracting /nix/store/rpgkh3m25bjs70l3d9w5x5psrbx216ih-codeql-2.25.2/codeql/javascript/tools/data/externs/es/es5.js
[2026-04-29 20:31:42] [build-stdout] Done extracting /nix/store/rpgkh3m25bjs70l3d9w5x5psrbx216ih-codeql-2.25.2/codeql/javascript/tools/data/externs/es/es5.js (29 ms)
[2026-04-29 20:31:42] [build-stdout] Extracting /nix/store/rpgkh3m25bjs70l3d9w5x5psrbx216ih-codeql-2.25.2/codeql/javascript/tools/data/externs/es/es3.js
[2026-04-29 20:31:43] [build-stdout] Done extracting /nix/store/rpgkh3m25bjs70l3d9w5x5psrbx216ih-codeql-2.25.2/codeql/javascript/tools/data/externs/es/es3.js (237 ms)
[2026-04-29 20:31:43] [build-stdout] Extracting /nix/store/rpgkh3m25bjs70l3d9w5x5psrbx216ih-codeql-2.25.2/codeql/javascript/tools/data/externs/es/intl.js
[2026-04-29 20:31:43] [build-stdout] Done extracting /nix/store/rpgkh3m25bjs70l3d9w5x5psrbx216ih-codeql-2.25.2/codeql/javascript/tools/data/externs/es/intl.js (25 ms)
[2026-04-29 20:31:43] [build-stdout] Extracting /nix/store/rpgkh3m25bjs70l3d9w5x5psrbx216ih-codeql-2.25.2/codeql/javascript/tools/data/externs/es/es6_collections.js
[2026-04-29 20:31:43] [build-stdout] Done extracting /nix/store/rpgkh3m25bjs70l3d9w5x5psrbx216ih-codeql-2.25.2/codeql/javascript/tools/data/externs/es/es6_collections.js (21 ms)
[2026-04-29 20:31:43] [build-stdout] Extracting /nix/store/rpgkh3m25bjs70l3d9w5x5psrbx216ih-codeql-2.25.2/codeql/javascript/tools/data/externs/lib/bdd.js
[2026-04-29 20:31:43] [build-stdout] Done extracting /nix/store/rpgkh3m25bjs70l3d9w5x5psrbx216ih-codeql-2.25.2/codeql/javascript/tools/data/externs/lib/bdd.js (10 ms)
[2026-04-29 20:31:43] [build-stdout] Extracting /nix/store/rpgkh3m25bjs70l3d9w5x5psrbx216ih-codeql-2.25.2/codeql/javascript/tools/data/externs/lib/jquery-3.2.js
[2026-04-29 20:31:43] [build-stdout] Done extracting /nix/store/rpgkh3m25bjs70l3d9w5x5psrbx216ih-codeql-2.25.2/codeql/javascript/tools/data/externs/lib/jquery-3.2.js (393 ms)
[2026-04-29 20:31:43] [build-stdout] Extracting /nix/store/rpgkh3m25bjs70l3d9w5x5psrbx216ih-codeql-2.25.2/codeql/javascript/tools/data/externs/lib/should.js
[2026-04-29 20:31:43] [build-stdout] Done extracting /nix/store/rpgkh3m25bjs70l3d9w5x5psrbx216ih-codeql-2.25.2/codeql/javascript/tools/data/externs/lib/should.js (41 ms)
[2026-04-29 20:31:43] [build-stdout] Extracting /nix/store/rpgkh3m25bjs70l3d9w5x5psrbx216ih-codeql-2.25.2/codeql/javascript/tools/data/externs/lib/vows.js
[2026-04-29 20:31:43] [build-stdout] Done extracting /nix/store/rpgkh3m25bjs70l3d9w5x5psrbx216ih-codeql-2.25.2/codeql/javascript/tools/data/externs/lib/vows.js (40 ms)
[2026-04-29 20:31:43] [build-stdout] Extracting /nix/store/rpgkh3m25bjs70l3d9w5x5psrbx216ih-codeql-2.25.2/codeql/javascript/tools/data/externs/web/w3c_indexeddb.js
[2026-04-29 20:31:43] [build-stdout] Done extracting /nix/store/rpgkh3m25bjs70l3d9w5x5psrbx216ih-codeql-2.25.2/codeql/javascript/tools/data/externs/web/w3c_indexeddb.js (79 ms)
[2026-04-29 20:31:43] [build-stdout] Extracting /nix/store/rpgkh3m25bjs70l3d9w5x5psrbx216ih-codeql-2.25.2/codeql/javascript/tools/data/externs/web/ie_css.js
[2026-04-29 20:31:43] [build-stdout] Done extracting /nix/store/rpgkh3m25bjs70l3d9w5x5psrbx216ih-codeql-2.25.2/codeql/javascript/tools/data/externs/web/ie_css.js (21 ms)
[2026-04-29 20:31:43] [build-stdout] Extracting /nix/store/rpgkh3m25bjs70l3d9w5x5psrbx216ih-codeql-2.25.2/codeql/javascript/tools/data/externs/web/webstorage.js
[2026-04-29 20:31:43] [build-stdout] Done extracting /nix/store/rpgkh3m25bjs70l3d9w5x5psrbx216ih-codeql-2.25.2/codeql/javascript/tools/data/externs/web/webstorage.js (12 ms)
[2026-04-29 20:31:43] [build-stdout] Extracting /nix/store/rpgkh3m25bjs70l3d9w5x5psrbx216ih-codeql-2.25.2/codeql/javascript/tools/data/externs/web/whatwg_encoding.js
[2026-04-29 20:31:43] [build-stdout] Done extracting /nix/store/rpgkh3m25bjs70l3d9w5x5psrbx216ih-codeql-2.25.2/codeql/javascript/tools/data/externs/web/whatwg_encoding.js (5 ms)
[2026-04-29 20:31:43] [build-stdout] Extracting /nix/store/rpgkh3m25bjs70l3d9w5x5psrbx216ih-codeql-2.25.2/codeql/javascript/tools/data/externs/web/w3c_elementtraversal.js
[2026-04-29 20:31:43] [build-stdout] Done extracting /nix/store/rpgkh3m25bjs70l3d9w5x5psrbx216ih-codeql-2.25.2/codeql/javascript/tools/data/externs/web/w3c_elementtraversal.js (7 ms)
[2026-04-29 20:31:43] [build-stdout] Extracting /nix/store/rpgkh3m25bjs70l3d9w5x5psrbx216ih-codeql-2.25.2/codeql/javascript/tools/data/externs/web/w3c_requestidlecallback.js
[2026-04-29 20:31:43] [build-stdout] Done extracting /nix/store/rpgkh3m25bjs70l3d9w5x5psrbx216ih-codeql-2.25.2/codeql/javascript/tools/data/externs/web/w3c_requestidlecallback.js (6 ms)
[2026-04-29 20:31:43] [build-stdout] Extracting /nix/store/rpgkh3m25bjs70l3d9w5x5psrbx216ih-codeql-2.25.2/codeql/javascript/tools/data/externs/web/window.js
[2026-04-29 20:31:43] [build-stdout] Done extracting /nix/store/rpgkh3m25bjs70l3d9w5x5psrbx216ih-codeql-2.25.2/codeql/javascript/tools/data/externs/web/window.js (13 ms)
[2026-04-29 20:31:43] [build-stdout] Extracting /nix/store/rpgkh3m25bjs70l3d9w5x5psrbx216ih-codeql-2.25.2/codeql/javascript/tools/data/externs/web/ie_event.js
[2026-04-29 20:31:43] [build-stdout] Done extracting /nix/store/rpgkh3m25bjs70l3d9w5x5psrbx216ih-codeql-2.25.2/codeql/javascript/tools/data/externs/web/ie_event.js (28 ms)
[2026-04-29 20:31:43] [build-stdout] Extracting /nix/store/rpgkh3m25bjs70l3d9w5x5psrbx216ih-codeql-2.25.2/codeql/javascript/tools/data/externs/web/fileapi.js
[2026-04-29 20:31:43] [build-stdout] Done extracting /nix/store/rpgkh3m25bjs70l3d9w5x5psrbx216ih-codeql-2.25.2/codeql/javascript/tools/data/externs/web/fileapi.js (99 ms)
[2026-04-29 20:31:43] [build-stdout] Extracting /nix/store/rpgkh3m25bjs70l3d9w5x5psrbx216ih-codeql-2.25.2/codeql/javascript/tools/data/externs/web/w3c_device_sensor_event.js
[2026-04-29 20:31:43] [build-stdout] Done extracting /nix/store/rpgkh3m25bjs70l3d9w5x5psrbx216ih-codeql-2.25.2/codeql/javascript/tools/data/externs/web/w3c_device_sensor_event.js (12 ms)
[2026-04-29 20:31:43] [build-stdout] Extracting /nix/store/rpgkh3m25bjs70l3d9w5x5psrbx216ih-codeql-2.25.2/codeql/javascript/tools/data/externs/web/webkit_dom.js
[2026-04-29 20:31:43] [build-stdout] Done extracting /nix/store/rpgkh3m25bjs70l3d9w5x5psrbx216ih-codeql-2.25.2/codeql/javascript/tools/data/externs/web/webkit_dom.js (35 ms)
[2026-04-29 20:31:43] [build-stdout] Extracting /nix/store/rpgkh3m25bjs70l3d9w5x5psrbx216ih-codeql-2.25.2/codeql/javascript/tools/data/externs/web/webkit_event.js
[2026-04-29 20:31:43] [build-stdout] Done extracting /nix/store/rpgkh3m25bjs70l3d9w5x5psrbx216ih-codeql-2.25.2/codeql/javascript/tools/data/externs/web/webkit_event.js (3 ms)
[2026-04-29 20:31:43] [build-stdout] Extracting /nix/store/rpgkh3m25bjs70l3d9w5x5psrbx216ih-codeql-2.25.2/codeql/javascript/tools/data/externs/web/flash.js
[2026-04-29 20:31:43] [build-stdout] Done extracting /nix/store/rpgkh3m25bjs70l3d9w5x5psrbx216ih-codeql-2.25.2/codeql/javascript/tools/data/externs/web/flash.js (21 ms)
[2026-04-29 20:31:43] [build-stdout] Extracting /nix/store/rpgkh3m25bjs70l3d9w5x5psrbx216ih-codeql-2.25.2/codeql/javascript/tools/data/externs/web/webgl.js
[2026-04-29 20:31:44] [build-stdout] Done extracting /nix/store/rpgkh3m25bjs70l3d9w5x5psrbx216ih-codeql-2.25.2/codeql/javascript/tools/data/externs/web/webgl.js (263 ms)
[2026-04-29 20:31:44] [build-stdout] Extracting /nix/store/rpgkh3m25bjs70l3d9w5x5psrbx216ih-codeql-2.25.2/codeql/javascript/tools/data/externs/web/w3c_rtc.js
[2026-04-29 20:31:44] [build-stdout] Done extracting /nix/store/rpgkh3m25bjs70l3d9w5x5psrbx216ih-codeql-2.25.2/codeql/javascript/tools/data/externs/web/w3c_rtc.js (144 ms)
[2026-04-29 20:31:44] [build-stdout] Extracting /nix/store/rpgkh3m25bjs70l3d9w5x5psrbx216ih-codeql-2.25.2/codeql/javascript/tools/data/externs/web/html5.js
[2026-04-29 20:31:44] [build-stdout] Done extracting /nix/store/rpgkh3m25bjs70l3d9w5x5psrbx216ih-codeql-2.25.2/codeql/javascript/tools/data/externs/web/html5.js (233 ms)
[2026-04-29 20:31:44] [build-stdout] Extracting /nix/store/rpgkh3m25bjs70l3d9w5x5psrbx216ih-codeql-2.25.2/codeql/javascript/tools/data/externs/web/w3c_dom4.js
[2026-04-29 20:31:44] [build-stdout] Done extracting /nix/store/rpgkh3m25bjs70l3d9w5x5psrbx216ih-codeql-2.25.2/codeql/javascript/tools/data/externs/web/w3c_dom4.js (2 ms)
[2026-04-29 20:31:44] [build-stdout] Extracting /nix/store/rpgkh3m25bjs70l3d9w5x5psrbx216ih-codeql-2.25.2/codeql/javascript/tools/data/externs/web/url.js
[2026-04-29 20:31:44] [build-stdout] Done extracting /nix/store/rpgkh3m25bjs70l3d9w5x5psrbx216ih-codeql-2.25.2/codeql/javascript/tools/data/externs/web/url.js (7 ms)
[2026-04-29 20:31:44] [build-stdout] Extracting /nix/store/rpgkh3m25bjs70l3d9w5x5psrbx216ih-codeql-2.25.2/codeql/javascript/tools/data/externs/web/w3c_screen_orientation.js
[2026-04-29 20:31:44] [build-stdout] Done extracting /nix/store/rpgkh3m25bjs70l3d9w5x5psrbx216ih-codeql-2.25.2/codeql/javascript/tools/data/externs/web/w3c_screen_orientation.js (3 ms)
[2026-04-29 20:31:44] [build-stdout] Extracting /nix/store/rpgkh3m25bjs70l3d9w5x5psrbx216ih-codeql-2.25.2/codeql/javascript/tools/data/externs/web/gecko_ext.js
[2026-04-29 20:31:44] [build-stdout] Done extracting /nix/store/rpgkh3m25bjs70l3d9w5x5psrbx216ih-codeql-2.25.2/codeql/javascript/tools/data/externs/web/gecko_ext.js (1 ms)
[2026-04-29 20:31:44] [build-stdout] Extracting /nix/store/rpgkh3m25bjs70l3d9w5x5psrbx216ih-codeql-2.25.2/codeql/javascript/tools/data/externs/web/w3c_selectors.js
[2026-04-29 20:31:44] [build-stdout] Done extracting /nix/store/rpgkh3m25bjs70l3d9w5x5psrbx216ih-codeql-2.25.2/codeql/javascript/tools/data/externs/web/w3c_selectors.js (6 ms)
[2026-04-29 20:31:44] [build-stdout] Extracting /nix/store/rpgkh3m25bjs70l3d9w5x5psrbx216ih-codeql-2.25.2/codeql/javascript/tools/data/externs/web/mediasource.js
[2026-04-29 20:31:44] [build-stdout] Done extracting /nix/store/rpgkh3m25bjs70l3d9w5x5psrbx216ih-codeql-2.25.2/codeql/javascript/tools/data/externs/web/mediasource.js (10 ms)
[2026-04-29 20:31:44] [build-stdout] Extracting /nix/store/rpgkh3m25bjs70l3d9w5x5psrbx216ih-codeql-2.25.2/codeql/javascript/tools/data/externs/web/w3c_webcrypto.js
[2026-04-29 20:31:44] [build-stdout] Done extracting /nix/store/rpgkh3m25bjs70l3d9w5x5psrbx216ih-codeql-2.25.2/codeql/javascript/tools/data/externs/web/w3c_webcrypto.js (24 ms)
[2026-04-29 20:31:44] [build-stdout] Extracting /nix/store/rpgkh3m25bjs70l3d9w5x5psrbx216ih-codeql-2.25.2/codeql/javascript/tools/data/externs/web/webkit_css.js
[2026-04-29 20:31:44] [build-stdout] Done extracting /nix/store/rpgkh3m25bjs70l3d9w5x5psrbx216ih-codeql-2.25.2/codeql/javascript/tools/data/externs/web/webkit_css.js (102 ms)
[2026-04-29 20:31:44] [build-stdout] Extracting /nix/store/rpgkh3m25bjs70l3d9w5x5psrbx216ih-codeql-2.25.2/codeql/javascript/tools/data/externs/web/w3c_touch_event.js
[2026-04-29 20:31:44] [build-stdout] Done extracting /nix/store/rpgkh3m25bjs70l3d9w5x5psrbx216ih-codeql-2.25.2/codeql/javascript/tools/data/externs/web/w3c_touch_event.js (18 ms)
[2026-04-29 20:31:44] [build-stdout] Extracting /nix/store/rpgkh3m25bjs70l3d9w5x5psrbx216ih-codeql-2.25.2/codeql/javascript/tools/data/externs/web/gecko_css.js
[2026-04-29 20:31:44] [build-stdout] Done extracting /nix/store/rpgkh3m25bjs70l3d9w5x5psrbx216ih-codeql-2.25.2/codeql/javascript/tools/data/externs/web/gecko_css.js (22 ms)
[2026-04-29 20:31:44] [build-stdout] Extracting /nix/store/rpgkh3m25bjs70l3d9w5x5psrbx216ih-codeql-2.25.2/codeql/javascript/tools/data/externs/web/gecko_xml.js
[2026-04-29 20:31:44] [build-stdout] Done extracting /nix/store/rpgkh3m25bjs70l3d9w5x5psrbx216ih-codeql-2.25.2/codeql/javascript/tools/data/externs/web/gecko_xml.js (5 ms)
[2026-04-29 20:31:44] [build-stdout] Extracting /nix/store/rpgkh3m25bjs70l3d9w5x5psrbx216ih-codeql-2.25.2/codeql/javascript/tools/data/externs/web/w3c_xml.js
[2026-04-29 20:31:44] [build-stdout] Done extracting /nix/store/rpgkh3m25bjs70l3d9w5x5psrbx216ih-codeql-2.25.2/codeql/javascript/tools/data/externs/web/w3c_xml.js (38 ms)
[2026-04-29 20:31:44] [build-stdout] Extracting /nix/store/rpgkh3m25bjs70l3d9w5x5psrbx216ih-codeql-2.25.2/codeql/javascript/tools/data/externs/web/w3c_css3d.js
[2026-04-29 20:31:44] [build-stdout] Done extracting /nix/store/rpgkh3m25bjs70l3d9w5x5psrbx216ih-codeql-2.25.2/codeql/javascript/tools/data/externs/web/w3c_css3d.js (18 ms)
[2026-04-29 20:31:44] [build-stdout] Extracting /nix/store/rpgkh3m25bjs70l3d9w5x5psrbx216ih-codeql-2.25.2/codeql/javascript/tools/data/externs/web/w3c_encoding.js
[2026-04-29 20:31:44] [build-stdout] Done extracting /nix/store/rpgkh3m25bjs70l3d9w5x5psrbx216ih-codeql-2.25.2/codeql/javascript/tools/data/externs/web/w3c_encoding.js (6 ms)
[2026-04-29 20:31:44] [build-stdout] Extracting /nix/store/rpgkh3m25bjs70l3d9w5x5psrbx216ih-codeql-2.25.2/codeql/javascript/tools/data/externs/web/w3c_dom1.js
[2026-04-29 20:31:44] [build-stdout] Done extracting /nix/store/rpgkh3m25bjs70l3d9w5x5psrbx216ih-codeql-2.25.2/codeql/javascript/tools/data/externs/web/w3c_dom1.js (97 ms)
[2026-04-29 20:31:44] [build-stdout] Extracting /nix/store/rpgkh3m25bjs70l3d9w5x5psrbx216ih-codeql-2.25.2/codeql/javascript/tools/data/externs/web/webkit_usercontent.js
[2026-04-29 20:31:44] [build-stdout] Done extracting /nix/store/rpgkh3m25bjs70l3d9w5x5psrbx216ih-codeql-2.25.2/codeql/javascript/tools/data/externs/web/webkit_usercontent.js (4 ms)
[2026-04-29 20:31:44] [build-stdout] Extracting /nix/store/rpgkh3m25bjs70l3d9w5x5psrbx216ih-codeql-2.25.2/codeql/javascript/tools/data/externs/web/fetchapi.js
[2026-04-29 20:31:45] [build-stdout] Done extracting /nix/store/rpgkh3m25bjs70l3d9w5x5psrbx216ih-codeql-2.25.2/codeql/javascript/tools/data/externs/web/fetchapi.js (44 ms)
[2026-04-29 20:31:45] [build-stdout] Extracting /nix/store/rpgkh3m25bjs70l3d9w5x5psrbx216ih-codeql-2.25.2/codeql/javascript/tools/data/externs/web/page_visibility.js
[2026-04-29 20:31:45] [build-stdout] Done extracting /nix/store/rpgkh3m25bjs70l3d9w5x5psrbx216ih-codeql-2.25.2/codeql/javascript/tools/data/externs/web/page_visibility.js (3 ms)
[2026-04-29 20:31:45] [build-stdout] Extracting /nix/store/rpgkh3m25bjs70l3d9w5x5psrbx216ih-codeql-2.25.2/codeql/javascript/tools/data/externs/web/w3c_event3.js
[2026-04-29 20:31:45] [build-stdout] Done extracting /nix/store/rpgkh3m25bjs70l3d9w5x5psrbx216ih-codeql-2.25.2/codeql/javascript/tools/data/externs/web/w3c_event3.js (6 ms)
[2026-04-29 20:31:45] [build-stdout] Extracting /nix/store/rpgkh3m25bjs70l3d9w5x5psrbx216ih-codeql-2.25.2/codeql/javascript/tools/data/externs/web/w3c_pointer_events.js
[2026-04-29 20:31:45] [build-stdout] Done extracting /nix/store/rpgkh3m25bjs70l3d9w5x5psrbx216ih-codeql-2.25.2/codeql/javascript/tools/data/externs/web/w3c_pointer_events.js (10 ms)
[2026-04-29 20:31:45] [build-stdout] Extracting /nix/store/rpgkh3m25bjs70l3d9w5x5psrbx216ih-codeql-2.25.2/codeql/javascript/tools/data/externs/web/intl.js
[2026-04-29 20:31:45] [build-stdout] Done extracting /nix/store/rpgkh3m25bjs70l3d9w5x5psrbx216ih-codeql-2.25.2/codeql/javascript/tools/data/externs/web/intl.js (20 ms)
[2026-04-29 20:31:45] [build-stdout] Extracting /nix/store/rpgkh3m25bjs70l3d9w5x5psrbx216ih-codeql-2.25.2/codeql/javascript/tools/data/externs/web/ie_dom.js
[2026-04-29 20:31:45] [build-stdout] Done extracting /nix/store/rpgkh3m25bjs70l3d9w5x5psrbx216ih-codeql-2.25.2/codeql/javascript/tools/data/externs/web/ie_dom.js (100 ms)
[2026-04-29 20:31:45] [build-stdout] Extracting /nix/store/rpgkh3m25bjs70l3d9w5x5psrbx216ih-codeql-2.25.2/codeql/javascript/tools/data/externs/web/w3c_serviceworker.js
[2026-04-29 20:31:45] [build-stdout] Done extracting /nix/store/rpgkh3m25bjs70l3d9w5x5psrbx216ih-codeql-2.25.2/codeql/javascript/tools/data/externs/web/w3c_serviceworker.js (46 ms)
[2026-04-29 20:31:45] [build-stdout] Extracting /nix/store/rpgkh3m25bjs70l3d9w5x5psrbx216ih-codeql-2.25.2/codeql/javascript/tools/data/externs/web/w3c_anim_timing.js
[2026-04-29 20:31:45] [build-stdout] Done extracting /nix/store/rpgkh3m25bjs70l3d9w5x5psrbx216ih-codeql-2.25.2/codeql/javascript/tools/data/externs/web/w3c_anim_timing.js (7 ms)
[2026-04-29 20:31:45] [build-stdout] Extracting /nix/store/rpgkh3m25bjs70l3d9w5x5psrbx216ih-codeql-2.25.2/codeql/javascript/tools/data/externs/web/chrome.js
[2026-04-29 20:31:45] [build-stdout] Done extracting /nix/store/rpgkh3m25bjs70l3d9w5x5psrbx216ih-codeql-2.25.2/codeql/javascript/tools/data/externs/web/chrome.js (46 ms)
[2026-04-29 20:31:45] [build-stdout] Extracting /nix/store/rpgkh3m25bjs70l3d9w5x5psrbx216ih-codeql-2.25.2/codeql/javascript/tools/data/externs/web/iphone.js
[2026-04-29 20:31:45] [build-stdout] Done extracting /nix/store/rpgkh3m25bjs70l3d9w5x5psrbx216ih-codeql-2.25.2/codeql/javascript/tools/data/externs/web/iphone.js (11 ms)
[2026-04-29 20:31:45] [build-stdout] Extracting /nix/store/rpgkh3m25bjs70l3d9w5x5psrbx216ih-codeql-2.25.2/codeql/javascript/tools/data/externs/web/w3c_css.js
[2026-04-29 20:31:45] [build-stdout] Done extracting /nix/store/rpgkh3m25bjs70l3d9w5x5psrbx216ih-codeql-2.25.2/codeql/javascript/tools/data/externs/web/w3c_css.js (123 ms)
[2026-04-29 20:31:45] [build-stdout] Extracting /nix/store/rpgkh3m25bjs70l3d9w5x5psrbx216ih-codeql-2.25.2/codeql/javascript/tools/data/externs/web/webkit_notifications.js
[2026-04-29 20:31:45] [build-stdout] Done extracting /nix/store/rpgkh3m25bjs70l3d9w5x5psrbx216ih-codeql-2.25.2/codeql/javascript/tools/data/externs/web/webkit_notifications.js (13 ms)
[2026-04-29 20:31:45] [build-stdout] Extracting /nix/store/rpgkh3m25bjs70l3d9w5x5psrbx216ih-codeql-2.25.2/codeql/javascript/tools/data/externs/web/w3c_dom2.js
[2026-04-29 20:31:45] [build-stdout] Done extracting /nix/store/rpgkh3m25bjs70l3d9w5x5psrbx216ih-codeql-2.25.2/codeql/javascript/tools/data/externs/web/w3c_dom2.js (127 ms)
[2026-04-29 20:31:45] [build-stdout] Extracting /nix/store/rpgkh3m25bjs70l3d9w5x5psrbx216ih-codeql-2.25.2/codeql/javascript/tools/data/externs/web/w3c_dom3.js
[2026-04-29 20:31:45] [build-stdout] Done extracting /nix/store/rpgkh3m25bjs70l3d9w5x5psrbx216ih-codeql-2.25.2/codeql/javascript/tools/data/externs/web/w3c_dom3.js (49 ms)
[2026-04-29 20:31:45] [build-stdout] Extracting /nix/store/rpgkh3m25bjs70l3d9w5x5psrbx216ih-codeql-2.25.2/codeql/javascript/tools/data/externs/web/w3c_gamepad.js
[2026-04-29 20:31:45] [build-stdout] Done extracting /nix/store/rpgkh3m25bjs70l3d9w5x5psrbx216ih-codeql-2.25.2/codeql/javascript/tools/data/externs/web/w3c_gamepad.js (4 ms)
[2026-04-29 20:31:45] [build-stdout] Extracting /nix/store/rpgkh3m25bjs70l3d9w5x5psrbx216ih-codeql-2.25.2/codeql/javascript/tools/data/externs/web/gecko_event.js
[2026-04-29 20:31:45] [build-stdout] Done extracting /nix/store/rpgkh3m25bjs70l3d9w5x5psrbx216ih-codeql-2.25.2/codeql/javascript/tools/data/externs/web/gecko_event.js (7 ms)
[2026-04-29 20:31:45] [build-stdout] Extracting /nix/store/rpgkh3m25bjs70l3d9w5x5psrbx216ih-codeql-2.25.2/codeql/javascript/tools/data/externs/web/streamsapi.js
[2026-04-29 20:31:45] [build-stdout] Done extracting /nix/store/rpgkh3m25bjs70l3d9w5x5psrbx216ih-codeql-2.25.2/codeql/javascript/tools/data/externs/web/streamsapi.js (24 ms)
[2026-04-29 20:31:45] [build-stdout] Extracting /nix/store/rpgkh3m25bjs70l3d9w5x5psrbx216ih-codeql-2.25.2/codeql/javascript/tools/data/externs/web/w3c_navigation_timing.js
[2026-04-29 20:31:45] [build-stdout] Done extracting /nix/store/rpgkh3m25bjs70l3d9w5x5psrbx216ih-codeql-2.25.2/codeql/javascript/tools/data/externs/web/w3c_navigation_timing.js (16 ms)
[2026-04-29 20:31:45] [build-stdout] Extracting /nix/store/rpgkh3m25bjs70l3d9w5x5psrbx216ih-codeql-2.25.2/codeql/javascript/tools/data/externs/web/ie_vml.js
[2026-04-29 20:31:45] [build-stdout] Done extracting /nix/store/rpgkh3m25bjs70l3d9w5x5psrbx216ih-codeql-2.25.2/codeql/javascript/tools/data/externs/web/ie_vml.js (3 ms)
[2026-04-29 20:31:45] [build-stdout] Extracting /nix/store/rpgkh3m25bjs70l3d9w5x5psrbx216ih-codeql-2.25.2/codeql/javascript/tools/data/externs/web/gecko_dom.js
[2026-04-29 20:31:45] [build-stdout] Done extracting /nix/store/rpgkh3m25bjs70l3d9w5x5psrbx216ih-codeql-2.25.2/codeql/javascript/tools/data/externs/web/gecko_dom.js (42 ms)
[2026-04-29 20:31:45] [build-stdout] Extracting /nix/store/rpgkh3m25bjs70l3d9w5x5psrbx216ih-codeql-2.25.2/codeql/javascript/tools/data/externs/web/w3c_event.js
[2026-04-29 20:31:45] [build-stdout] Done extracting /nix/store/rpgkh3m25bjs70l3d9w5x5psrbx216ih-codeql-2.25.2/codeql/javascript/tools/data/externs/web/w3c_event.js (30 ms)
[2026-04-29 20:31:45] [build-stdout] Extracting /nix/store/rpgkh3m25bjs70l3d9w5x5psrbx216ih-codeql-2.25.2/codeql/javascript/tools/data/externs/web/w3c_midi.js
[2026-04-29 20:31:45] [build-stdout] Done extracting /nix/store/rpgkh3m25bjs70l3d9w5x5psrbx216ih-codeql-2.25.2/codeql/javascript/tools/data/externs/web/w3c_midi.js (18 ms)
[2026-04-29 20:31:45] [build-stdout] Extracting /nix/store/rpgkh3m25bjs70l3d9w5x5psrbx216ih-codeql-2.25.2/codeql/javascript/tools/data/externs/web/w3c_batterystatus.js
[2026-04-29 20:31:45] [build-stdout] Done extracting /nix/store/rpgkh3m25bjs70l3d9w5x5psrbx216ih-codeql-2.25.2/codeql/javascript/tools/data/externs/web/w3c_batterystatus.js (4 ms)
[2026-04-29 20:31:45] [build-stdout] Extracting /nix/store/rpgkh3m25bjs70l3d9w5x5psrbx216ih-codeql-2.25.2/codeql/javascript/tools/data/externs/web/w3c_geolocation.js
[2026-04-29 20:31:45] [build-stdout] Done extracting /nix/store/rpgkh3m25bjs70l3d9w5x5psrbx216ih-codeql-2.25.2/codeql/javascript/tools/data/externs/web/w3c_geolocation.js (10 ms)
[2026-04-29 20:31:45] [build-stdout] Extracting /nix/store/rpgkh3m25bjs70l3d9w5x5psrbx216ih-codeql-2.25.2/codeql/javascript/tools/data/externs/web/w3c_range.js
[2026-04-29 20:31:45] [build-stdout] Done extracting /nix/store/rpgkh3m25bjs70l3d9w5x5psrbx216ih-codeql-2.25.2/codeql/javascript/tools/data/externs/web/w3c_range.js (18 ms)
[2026-04-29 20:31:45] [build-stdout] Extracting /nix/store/rpgkh3m25bjs70l3d9w5x5psrbx216ih-codeql-2.25.2/codeql/javascript/tools/data/externs/web/w3c_permissions.js
[2026-04-29 20:31:45] [build-stdout] Done extracting /nix/store/rpgkh3m25bjs70l3d9w5x5psrbx216ih-codeql-2.25.2/codeql/javascript/tools/data/externs/web/w3c_permissions.js (6 ms)
[2026-04-29 20:31:45] [PROGRESS] database trace-command> Running command in /home/aoi/dev/metaplex-cli: [sh, -lc, 'pnpm, install, &&, pnpm, run, build']
[2026-04-29 20:31:45] [build-stderr] install: -c: line 1: unexpected EOF while looking for matching `''
[2026-04-29 20:31:45] [ERROR] Spawned process exited abnormally (code 2; tried to run: [sh, -lc, 'pnpm, install, &&, pnpm, run, build'])
[2026-04-29 20:31:45] Exception caught at top level: Exit status 2 from command: [sh, -lc, 'pnpm, install, &&, pnpm, run, build']
                      com.semmle.cli2.Commandline.executeAndCheckResult(Commandline.java:170)
                      com.semmle.cli2.Commandline.runWithoutReturn(Commandline.java:123)
                      com.semmle.cli2.database.DatabaseProcessCommandCommon.executeSubcommand(DatabaseProcessCommandCommon.java:227)
                      com.semmle.cli2.database.TraceCommandCommand.executeSubcommand(TraceCommandCommand.java:126)
                      com.semmle.cli2.picocli.SubcommandCommon.lambda$executeSubcommandWithMessages$5(SubcommandCommon.java:886)
                      com.semmle.cli2.picocli.SubcommandCommon.withCompilationMessages(SubcommandCommon.java:444)
                      com.semmle.cli2.picocli.SubcommandCommon.executeSubcommandWithMessages(SubcommandCommon.java:884)
                      com.semmle.cli2.picocli.PlumbingRunner.run(PlumbingRunner.java:123)
                      com.semmle.cli2.picocli.SubcommandCommon.runPlumbingInProcess(SubcommandCommon.java:201)
                      com.semmle.cli2.database.CreateCommand.executeSubcommand(CreateCommand.java:185)
                      com.semmle.cli2.picocli.SubcommandCommon.lambda$executeSubcommandWithMessages$5(SubcommandCommon.java:886)
                      com.semmle.cli2.picocli.SubcommandCommon.withCompilationMessages(SubcommandCommon.java:444)
                      com.semmle.cli2.picocli.SubcommandCommon.executeSubcommandWithMessages(SubcommandCommon.java:884)
                      com.semmle.cli2.picocli.SubcommandCommon.toplevelMain(SubcommandCommon.java:777)
                      com.semmle.cli2.picocli.SubcommandCommon.call(SubcommandCommon.java:757)
                      com.semmle.cli2.picocli.SubcommandMaker.runMain(SubcommandMaker.java:238)
                      com.semmle.cli2.picocli.SubcommandMaker.runMain(SubcommandMaker.java:259)
                      com.semmle.cli2.CodeQL.main(CodeQL.java:113)
